order_id,ledger_currency,settlement_currency,order_date,expected_cents,settled_cents,difference_cents,ledger_rows,settlement_count,status
O0001,USD,USD,2026-09-01,300,300,0,1,1,duplicate_settlement
O0002,USD,USD,2026-09-01,1900,1900,0,1,1,duplicate_settlement
O0003,USD,USD,2026-09-01,4500,4500,0,1,1,duplicate_settlement
O0004,USD,USD,2026-09-01,4900,4900,0,1,1,duplicate_settlement
O0005,USD,USD,2026-09-01,1000,1000,0,1,1,duplicate_settlement
O0006,USD,USD,2026-09-01,3000,3000,0,2,1,duplicate_ledger
O0007,USD,USD,2026-09-01,2400,2400,0,2,1,duplicate_ledger
O0008,USD,USD,2026-09-01,4300,4300,0,2,1,duplicate_ledger
O0009,USD,USD,2026-09-01,4500,4500,0,2,1,duplicate_ledger
O0010,USD,USD,2026-09-01,700,700,0,2,1,duplicate_ledger
O0011,USD,USD,2026-09-01,3000,3000,0,2,1,duplicate_ledger
O0012,USD,USD,2026-09-01,3900,3900,0,2,1,duplicate_ledger
O0013,USD,USD,2026-09-01,3200,3200,0,2,1,duplicate_ledger
O0951,USD,USD,2026-09-01,4300,4400,-100,1,1,amount_mismatch
O0952,USD,USD,2026-09-01,1800,1900,-100,1,1,amount_mismatch
O0953,USD,USD,2026-09-01,4800,4900,-100,1,1,amount_mismatch
O0954,USD,USD,2026-09-01,2700,2800,-100,1,1,amount_mismatch
O0955,USD,USD,2026-09-01,1400,1500,-100,1,1,amount_mismatch
O0956,USD,USD,2026-09-01,200,300,-100,1,1,amount_mismatch
O0957,USD,USD,2026-09-01,800,900,-100,1,1,amount_mismatch
O0958,USD,USD,2026-09-01,1400,1500,-100,1,1,amount_mismatch
O0959,USD,USD,2026-09-01,2200,2300,-100,1,1,amount_mismatch
O0960,USD,USD,2026-09-01,3900,4000,-100,1,1,amount_mismatch
O0971,USD,EUR,2026-09-01,4500,4500,,1,1,currency_mismatch
O0972,USD,EUR,2026-09-01,200,200,,1,1,currency_mismatch
O0973,USD,EUR,2026-09-01,1600,1600,,1,1,currency_mismatch
O0974,USD,EUR,2026-09-01,2200,2200,,1,1,currency_mismatch
O0975,USD,EUR,2026-09-01,4000,4000,,1,1,currency_mismatch
O0976,USD,EUR,2026-09-01,1400,1400,,1,1,currency_mismatch
O0977,USD,EUR,2026-09-01,1800,1800,,1,1,currency_mismatch
O0978,USD,EUR,2026-09-01,2600,2600,,1,1,currency_mismatch
O0979,USD,EUR,2026-09-01,2500,2500,,1,1,currency_mismatch
O0980,USD,EUR,2026-09-01,4700,4700,,1,1,currency_mismatch
O0981,USD,,2026-09-01,4600,,4600,1,0,missing_settlement
O0982,USD,,2026-09-01,3900,,3900,1,0,missing_settlement
O0983,USD,,2026-09-01,2700,,2700,1,0,missing_settlement
O0984,USD,,2026-09-01,300,,300,1,0,missing_settlement
O0985,USD,,2026-09-01,2000,,2000,1,0,missing_settlement
O0986,USD,,2026-09-01,2900,,2900,1,0,missing_settlement
O0987,USD,,2026-09-01,1700,,1700,1,0,missing_settlement
O0988,USD,,2026-09-01,2800,,2800,1,0,missing_settlement
O0989,USD,,2026-09-01,800,,800,1,0,missing_settlement
O0990,USD,,2026-09-01,4200,,4200,1,0,missing_settlement
X001,,USD,,,1000,,0,1,unexpected_settlement
X002,,USD,,,1000,,0,1,unexpected_settlement
X003,,USD,,,1000,,0,1,unexpected_settlement
X004,,USD,,,1000,,0,1,unexpected_settlement
X005,,USD,,,1000,,0,1,unexpected_settlement
X006,,USD,,,1000,,0,1,unexpected_settlement
X007,,USD,,,1000,,0,1,unexpected_settlement
X008,,USD,,,1000,,0,1,unexpected_settlement
X009,,USD,,,1000,,0,1,unexpected_settlement
X010,,USD,,,1000,,0,1,unexpected_settlement
