row_id,order_id,order_date,currency,amount_cents
L0001,O0001,2026-09-01,USD,300
L0002,O0002,2026-09-01,USD,1900
L0003,O0003,2026-09-01,USD,4500
L0004,O0004,2026-09-01,USD,4900
L0005,O0005,2026-09-01,USD,1000
L0006,O0006,2026-09-01,USD,3000
L0007,O0007,2026-09-01,USD,2400
L0008,O0008,2026-09-01,USD,4300
L0009,O0009,2026-09-01,USD,4500
L0010,O0010,2026-09-01,USD,700
L0011,O0011,2026-09-01,USD,3000
L0012,O0012,2026-09-01,USD,3900
L0013,O0013,2026-09-01,USD,3200
L0014,O0014,2026-09-01,USD,3900
L0015,O0015,2026-09-01,USD,200
L0016,O0016,2026-09-01,USD,3300
L0017,O0017,2026-09-01,USD,2800
L0018,O0018,2026-09-01,USD,3700
L0019,O0019,2026-09-01,USD,2400
L0020,O0020,2026-09-01,USD,4000
L0021,O0021,2026-09-01,USD,3600
L0022,O0022,2026-09-01,USD,4900
L0023,O0023,2026-09-01,USD,2800
L0024,O0024,2026-09-01,USD,2600
L0025,O0025,2026-09-01,USD,1200
L0026,O0026,2026-09-01,USD,400
L0027,O0027,2026-09-01,USD,700
L0028,O0028,2026-09-01,USD,800
L0029,O0029,2026-09-01,USD,2500
L0030,O0030,2026-09-01,USD,1000
L0031,O0031,2026-09-01,USD,700
L0032,O0032,2026-09-01,USD,1100
L0033,O0033,2026-09-01,USD,3300
L0034,O0034,2026-09-01,USD,3200
L0035,O0035,2026-09-01,USD,900
L0036,O0036,2026-09-01,USD,5000
L0037,O0037,2026-09-01,USD,2500
L0038,O0038,2026-09-01,USD,3900
L0039,O0039,2026-09-01,USD,3300
L0040,O0040,2026-09-01,USD,1800
L0041,O0041,2026-09-01,USD,3700
L0042,O0042,2026-09-01,USD,1200
L0043,O0043,2026-09-01,USD,2500
L0044,O0044,2026-09-01,USD,500
L0045,O0045,2026-09-01,USD,400
L0046,O0046,2026-09-01,USD,3800
L0047,O0047,2026-09-01,USD,400
L0048,O0048,2026-09-01,USD,1200
L0049,O0049,2026-09-01,USD,400
L0050,O0050,2026-09-01,USD,1100
L0051,O0051,2026-09-01,USD,1900
L0052,O0052,2026-09-01,USD,1800
L0053,O0053,2026-09-01,USD,500
L0054,O0054,2026-09-01,USD,3400
L0055,O0055,2026-09-01,USD,4000
L0056,O0056,2026-09-01,USD,700
L0057,O0057,2026-09-01,USD,3800
L0058,O0058,2026-09-01,USD,4200
L0059,O0059,2026-09-01,USD,4200
L0060,O0060,2026-09-01,USD,4400
L0061,O0061,2026-09-01,USD,400
L0062,O0062,2026-09-01,USD,700
L0063,O0063,2026-09-01,USD,4000
L0064,O0064,2026-09-01,USD,3000
L0065,O0065,2026-09-01,USD,4200
L0066,O0066,2026-09-01,USD,4700
L0067,O0067,2026-09-01,USD,2200
L0068,O0068,2026-09-01,USD,2200
L0069,O0069,2026-09-01,USD,3400
L0070,O0070,2026-09-01,USD,4300
L0071,O0071,2026-09-01,USD,4500
L0072,O0072,2026-09-01,USD,2900
L0073,O0073,2026-09-01,USD,1100
L0074,O0074,2026-09-01,USD,900
L0075,O0075,2026-09-01,USD,600
L0076,O0076,2026-09-01,USD,5000
L0077,O0077,2026-09-01,USD,2100
L0078,O0078,2026-09-01,USD,400
L0079,O0079,2026-09-01,USD,3800
L0080,O0080,2026-09-01,USD,1800
L0081,O0081,2026-09-01,USD,2400
L0082,O0082,2026-09-01,USD,4700
L0083,O0083,2026-09-01,USD,1200
L0084,O0084,2026-09-01,USD,4400
L0085,O0085,2026-09-01,USD,3900
L0086,O0086,2026-09-01,USD,500
L0087,O0087,2026-09-01,USD,3600
L0088,O0088,2026-09-01,USD,4300
L0089,O0089,2026-09-01,USD,800
L0090,O0090,2026-09-01,USD,2000
L0091,O0091,2026-09-01,USD,3200
L0092,O0092,2026-09-01,USD,5000
L0093,O0093,2026-09-01,USD,4700
L0094,O0094,2026-09-01,USD,2400
L0095,O0095,2026-09-01,USD,4600
L0096,O0096,2026-09-01,USD,2800
L0097,O0097,2026-09-01,USD,300
L0098,O0098,2026-09-01,USD,3100
L0099,O0099,2026-09-01,USD,2700
L0100,O0100,2026-09-01,USD,3900
L0101,O0101,2026-09-01,USD,5000
L0102,O0102,2026-09-01,USD,600
L0103,O0103,2026-09-01,USD,2300
L0104,O0104,2026-09-01,USD,900
L0105,O0105,2026-09-01,USD,4200
L0106,O0106,2026-09-01,USD,600
L0107,O0107,2026-09-01,USD,4300
L0108,O0108,2026-09-01,USD,4700
L0109,O0109,2026-09-01,USD,1000
L0110,O0110,2026-09-01,USD,3700
L0111,O0111,2026-09-01,USD,2000
L0112,O0112,2026-09-01,USD,700
L0113,O0113,2026-09-01,USD,4500
L0114,O0114,2026-09-01,USD,3500
L0115,O0115,2026-09-01,USD,2800
L0116,O0116,2026-09-01,USD,2900
L0117,O0117,2026-09-01,USD,3800
L0118,O0118,2026-09-01,USD,300
L0119,O0119,2026-09-01,USD,1000
L0120,O0120,2026-09-01,USD,100
L0121,O0121,2026-09-01,USD,700
L0122,O0122,2026-09-01,USD,800
L0123,O0123,2026-09-01,USD,900
L0124,O0124,2026-09-01,USD,4800
L0125,O0125,2026-09-01,USD,200
L0126,O0126,2026-09-01,USD,5000
L0127,O0127,2026-09-01,USD,5000
L0128,O0128,2026-09-01,USD,2200
L0129,O0129,2026-09-01,USD,800
L0130,O0130,2026-09-01,USD,4600
L0131,O0131,2026-09-01,USD,3500
L0132,O0132,2026-09-01,USD,3200
L0133,O0133,2026-09-01,USD,1700
L0134,O0134,2026-09-01,USD,4900
L0135,O0135,2026-09-01,USD,4500
L0136,O0136,2026-09-01,USD,3000
L0137,O0137,2026-09-01,USD,2200
L0138,O0138,2026-09-01,USD,2500
L0139,O0139,2026-09-01,USD,600
L0140,O0140,2026-09-01,USD,4600
L0141,O0141,2026-09-01,USD,300
L0142,O0142,2026-09-01,USD,600
L0143,O0143,2026-09-01,USD,4600
L0144,O0144,2026-09-01,USD,1400
L0145,O0145,2026-09-01,USD,4400
L0146,O0146,2026-09-01,USD,2600
L0147,O0147,2026-09-01,USD,1300
L0148,O0148,2026-09-01,USD,4400
L0149,O0149,2026-09-01,USD,3700
L0150,O0150,2026-09-01,USD,2600
L0151,O0151,2026-09-01,USD,1700
L0152,O0152,2026-09-01,USD,3900
L0153,O0153,2026-09-01,USD,3800
L0154,O0154,2026-09-01,USD,2700
L0155,O0155,2026-09-01,USD,2100
L0156,O0156,2026-09-01,USD,2600
L0157,O0157,2026-09-01,USD,2300
L0158,O0158,2026-09-01,USD,400
L0159,O0159,2026-09-01,USD,1200
L0160,O0160,2026-09-01,USD,3500
L0161,O0161,2026-09-01,USD,1200
L0162,O0162,2026-09-01,USD,1300
L0163,O0163,2026-09-01,USD,4600
L0164,O0164,2026-09-01,USD,4800
L0165,O0165,2026-09-01,USD,400
L0166,O0166,2026-09-01,USD,4300
L0167,O0167,2026-09-01,USD,1500
L0168,O0168,2026-09-01,USD,2000
L0169,O0169,2026-09-01,USD,1500
L0170,O0170,2026-09-01,USD,2300
L0171,O0171,2026-09-01,USD,1300
L0172,O0172,2026-09-01,USD,5000
L0173,O0173,2026-09-01,USD,1400
L0174,O0174,2026-09-01,USD,2500
L0175,O0175,2026-09-01,USD,2500
L0176,O0176,2026-09-01,USD,1500
L0177,O0177,2026-09-01,USD,400
L0178,O0178,2026-09-01,USD,3000
L0179,O0179,2026-09-01,USD,3300
L0180,O0180,2026-09-01,USD,400
L0181,O0181,2026-09-01,USD,700
L0182,O0182,2026-09-01,USD,200
L0183,O0183,2026-09-01,USD,200
L0184,O0184,2026-09-01,USD,3500
L0185,O0185,2026-09-01,USD,4000
L0186,O0186,2026-09-01,USD,3300
L0187,O0187,2026-09-01,USD,3300
L0188,O0188,2026-09-01,USD,3300
L0189,O0189,2026-09-01,USD,800
L0190,O0190,2026-09-01,USD,3800
L0191,O0191,2026-09-01,USD,2300
L0192,O0192,2026-09-01,USD,1700
L0193,O0193,2026-09-01,USD,1500
L0194,O0194,2026-09-01,USD,900
L0195,O0195,2026-09-01,USD,2900
L0196,O0196,2026-09-01,USD,4900
L0197,O0197,2026-09-01,USD,2600
L0198,O0198,2026-09-01,USD,1000
L0199,O0199,2026-09-01,USD,1600
L0200,O0200,2026-09-01,USD,100
L0201,O0201,2026-09-01,USD,700
L0202,O0202,2026-09-01,USD,4500
L0203,O0203,2026-09-01,USD,1500
L0204,O0204,2026-09-01,USD,800
L0205,O0205,2026-09-01,USD,3700
L0206,O0206,2026-09-01,USD,4000
L0207,O0207,2026-09-01,USD,2700
L0208,O0208,2026-09-01,USD,1300
L0209,O0209,2026-09-01,USD,2500
L0210,O0210,2026-09-01,USD,2800
L0211,O0211,2026-09-01,USD,700
L0212,O0212,2026-09-01,USD,100
L0213,O0213,2026-09-01,USD,1200
L0214,O0214,2026-09-01,USD,2500
L0215,O0215,2026-09-01,USD,800
L0216,O0216,2026-09-01,USD,2200
L0217,O0217,2026-09-01,USD,2100
L0218,O0218,2026-09-01,USD,1700
L0219,O0219,2026-09-01,USD,3500
L0220,O0220,2026-09-01,USD,900
L0221,O0221,2026-09-01,USD,3500
L0222,O0222,2026-09-01,USD,3700
L0223,O0223,2026-09-01,USD,1000
L0224,O0224,2026-09-01,USD,4500
L0225,O0225,2026-09-01,USD,1600
L0226,O0226,2026-09-01,USD,1300
L0227,O0227,2026-09-01,USD,1600
L0228,O0228,2026-09-01,USD,300
L0229,O0229,2026-09-01,USD,600
L0230,O0230,2026-09-01,USD,1800
L0231,O0231,2026-09-01,USD,3100
L0232,O0232,2026-09-01,USD,4500
L0233,O0233,2026-09-01,USD,1800
L0234,O0234,2026-09-01,USD,4200
L0235,O0235,2026-09-01,USD,500
L0236,O0236,2026-09-01,USD,3100
L0237,O0237,2026-09-01,USD,4600
L0238,O0238,2026-09-01,USD,2200
L0239,O0239,2026-09-01,USD,1000
L0240,O0240,2026-09-01,USD,2100
L0241,O0241,2026-09-01,USD,1500
L0242,O0242,2026-09-01,USD,100
L0243,O0243,2026-09-01,USD,4700
L0244,O0244,2026-09-01,USD,1400
L0245,O0245,2026-09-01,USD,3100
L0246,O0246,2026-09-01,USD,4100
L0247,O0247,2026-09-01,USD,1000
L0248,O0248,2026-09-01,USD,1900
L0249,O0249,2026-09-01,USD,3700
L0250,O0250,2026-09-01,USD,4300
L0251,O0251,2026-09-01,USD,2900
L0252,O0252,2026-09-01,USD,2000
L0253,O0253,2026-09-01,USD,4700
L0254,O0254,2026-09-01,USD,3100
L0255,O0255,2026-09-01,USD,2900
L0256,O0256,2026-09-01,USD,2000
L0257,O0257,2026-09-01,USD,4900
L0258,O0258,2026-09-01,USD,4800
L0259,O0259,2026-09-01,USD,3600
L0260,O0260,2026-09-01,USD,3200
L0261,O0261,2026-09-01,USD,3600
L0262,O0262,2026-09-01,USD,4000
L0263,O0263,2026-09-01,USD,2800
L0264,O0264,2026-09-01,USD,4700
L0265,O0265,2026-09-01,USD,2800
L0266,O0266,2026-09-01,USD,3400
L0267,O0267,2026-09-01,USD,3700
L0268,O0268,2026-09-01,USD,500
L0269,O0269,2026-09-01,USD,1400
L0270,O0270,2026-09-01,USD,4000
L0271,O0271,2026-09-01,USD,4500
L0272,O0272,2026-09-01,USD,4100
L0273,O0273,2026-09-01,USD,4700
L0274,O0274,2026-09-01,USD,1000
L0275,O0275,2026-09-01,USD,3900
L0276,O0276,2026-09-01,USD,4800
L0277,O0277,2026-09-01,USD,200
L0278,O0278,2026-09-01,USD,4200
L0279,O0279,2026-09-01,USD,700
L0280,O0280,2026-09-01,USD,4100
L0281,O0281,2026-09-01,USD,4500
L0282,O0282,2026-09-01,USD,600
L0283,O0283,2026-09-01,USD,5000
L0284,O0284,2026-09-01,USD,4200
L0285,O0285,2026-09-01,USD,1500
L0286,O0286,2026-09-01,USD,1300
L0287,O0287,2026-09-01,USD,1300
L0288,O0288,2026-09-01,USD,4000
L0289,O0289,2026-09-01,USD,4700
L0290,O0290,2026-09-01,USD,3400
L0291,O0291,2026-09-01,USD,400
L0292,O0292,2026-09-01,USD,1700
L0293,O0293,2026-09-01,USD,1100
L0294,O0294,2026-09-01,USD,3200
L0295,O0295,2026-09-01,USD,3000
L0296,O0296,2026-09-01,USD,2700
L0297,O0297,2026-09-01,USD,2000
L0298,O0298,2026-09-01,USD,500
L0299,O0299,2026-09-01,USD,2200
L0300,O0300,2026-09-01,USD,3000
L0301,O0301,2026-09-01,USD,2900
L0302,O0302,2026-09-01,USD,4500
L0303,O0303,2026-09-01,USD,1800
L0304,O0304,2026-09-01,USD,3200
L0305,O0305,2026-09-01,USD,900
L0306,O0306,2026-09-01,USD,800
L0307,O0307,2026-09-01,USD,2100
L0308,O0308,2026-09-01,USD,2300
L0309,O0309,2026-09-01,USD,2200
L0310,O0310,2026-09-01,USD,2400
L0311,O0311,2026-09-01,USD,700
L0312,O0312,2026-09-01,USD,2500
L0313,O0313,2026-09-01,USD,4500
L0314,O0314,2026-09-01,USD,2900
L0315,O0315,2026-09-01,USD,2100
L0316,O0316,2026-09-01,USD,2000
L0317,O0317,2026-09-01,USD,1400
L0318,O0318,2026-09-01,USD,1600
L0319,O0319,2026-09-01,USD,3000
L0320,O0320,2026-09-01,USD,1200
L0321,O0321,2026-09-01,USD,2400
L0322,O0322,2026-09-01,USD,2000
L0323,O0323,2026-09-01,USD,2800
L0324,O0324,2026-09-01,USD,1600
L0325,O0325,2026-09-01,USD,3800
L0326,O0326,2026-09-01,USD,1900
L0327,O0327,2026-09-01,USD,3400
L0328,O0328,2026-09-01,USD,4100
L0329,O0329,2026-09-01,USD,400
L0330,O0330,2026-09-01,USD,1200
L0331,O0331,2026-09-01,USD,2000
L0332,O0332,2026-09-01,USD,900
L0333,O0333,2026-09-01,USD,1000
L0334,O0334,2026-09-01,USD,1400
L0335,O0335,2026-09-01,USD,900
L0336,O0336,2026-09-01,USD,1200
L0337,O0337,2026-09-01,USD,4500
L0338,O0338,2026-09-01,USD,4200
L0339,O0339,2026-09-01,USD,3800
L0340,O0340,2026-09-01,USD,3300
L0341,O0341,2026-09-01,USD,4600
L0342,O0342,2026-09-01,USD,4600
L0343,O0343,2026-09-01,USD,1300
L0344,O0344,2026-09-01,USD,1700
L0345,O0345,2026-09-01,USD,3200
L0346,O0346,2026-09-01,USD,2500
L0347,O0347,2026-09-01,USD,3400
L0348,O0348,2026-09-01,USD,1200
L0349,O0349,2026-09-01,USD,1700
L0350,O0350,2026-09-01,USD,700
L0351,O0351,2026-09-01,USD,4800
L0352,O0352,2026-09-01,USD,3300
L0353,O0353,2026-09-01,USD,2400
L0354,O0354,2026-09-01,USD,900
L0355,O0355,2026-09-01,USD,700
L0356,O0356,2026-09-01,USD,2800
L0357,O0357,2026-09-01,USD,2000
L0358,O0358,2026-09-01,USD,3300
L0359,O0359,2026-09-01,USD,4900
L0360,O0360,2026-09-01,USD,1700
L0361,O0361,2026-09-01,USD,700
L0362,O0362,2026-09-01,USD,1000
L0363,O0363,2026-09-01,USD,3700
L0364,O0364,2026-09-01,USD,4500
L0365,O0365,2026-09-01,USD,3400
L0366,O0366,2026-09-01,USD,2600
L0367,O0367,2026-09-01,USD,400
L0368,O0368,2026-09-01,USD,2500
L0369,O0369,2026-09-01,USD,3700
L0370,O0370,2026-09-01,USD,2900
L0371,O0371,2026-09-01,USD,4100
L0372,O0372,2026-09-01,USD,3000
L0373,O0373,2026-09-01,USD,3600
L0374,O0374,2026-09-01,USD,3100
L0375,O0375,2026-09-01,USD,3500
L0376,O0376,2026-09-01,USD,4200
L0377,O0377,2026-09-01,USD,700
L0378,O0378,2026-09-01,USD,100
L0379,O0379,2026-09-01,USD,4400
L0380,O0380,2026-09-01,USD,4600
L0381,O0381,2026-09-01,USD,3200
L0382,O0382,2026-09-01,USD,3100
L0383,O0383,2026-09-01,USD,500
L0384,O0384,2026-09-01,USD,1900
L0385,O0385,2026-09-01,USD,700
L0386,O0386,2026-09-01,USD,4300
L0387,O0387,2026-09-01,USD,4700
L0388,O0388,2026-09-01,USD,1400
L0389,O0389,2026-09-01,USD,2900
L0390,O0390,2026-09-01,USD,4500
L0391,O0391,2026-09-01,USD,600
L0392,O0392,2026-09-01,USD,4400
L0393,O0393,2026-09-01,USD,4400
L0394,O0394,2026-09-01,USD,3500
L0395,O0395,2026-09-01,USD,2800
L0396,O0396,2026-09-01,USD,3100
L0397,O0397,2026-09-01,USD,1000
L0398,O0398,2026-09-01,USD,1200
L0399,O0399,2026-09-01,USD,2300
L0400,O0400,2026-09-01,USD,100
L0401,O0401,2026-09-01,USD,600
L0402,O0402,2026-09-01,USD,1700
L0403,O0403,2026-09-01,USD,2200
L0404,O0404,2026-09-01,USD,300
L0405,O0405,2026-09-01,USD,600
L0406,O0406,2026-09-01,USD,3600
L0407,O0407,2026-09-01,USD,2100
L0408,O0408,2026-09-01,USD,1200
L0409,O0409,2026-09-01,USD,200
L0410,O0410,2026-09-01,USD,4100
L0411,O0411,2026-09-01,USD,2300
L0412,O0412,2026-09-01,USD,1400
L0413,O0413,2026-09-01,USD,2100
L0414,O0414,2026-09-01,USD,800
L0415,O0415,2026-09-01,USD,2700
L0416,O0416,2026-09-01,USD,3000
L0417,O0417,2026-09-01,USD,400
L0418,O0418,2026-09-01,USD,100
L0419,O0419,2026-09-01,USD,4100
L0420,O0420,2026-09-01,USD,4500
L0421,O0421,2026-09-01,USD,600
L0422,O0422,2026-09-01,USD,1500
L0423,O0423,2026-09-01,USD,700
L0424,O0424,2026-09-01,USD,1300
L0425,O0425,2026-09-01,USD,4000
L0426,O0426,2026-09-01,USD,1400
L0427,O0427,2026-09-01,USD,1600
L0428,O0428,2026-09-01,USD,300
L0429,O0429,2026-09-01,USD,5000
L0430,O0430,2026-09-01,USD,2600
L0431,O0431,2026-09-01,USD,300
L0432,O0432,2026-09-01,USD,800
L0433,O0433,2026-09-01,USD,700
L0434,O0434,2026-09-01,USD,2000
L0435,O0435,2026-09-01,USD,200
L0436,O0436,2026-09-01,USD,500
L0437,O0437,2026-09-01,USD,4000
L0438,O0438,2026-09-01,USD,3300
L0439,O0439,2026-09-01,USD,4300
L0440,O0440,2026-09-01,USD,4300
L0441,O0441,2026-09-01,USD,4400
L0442,O0442,2026-09-01,USD,1500
L0443,O0443,2026-09-01,USD,1700
L0444,O0444,2026-09-01,USD,1800
L0445,O0445,2026-09-01,USD,2600
L0446,O0446,2026-09-01,USD,3900
L0447,O0447,2026-09-01,USD,1200
L0448,O0448,2026-09-01,USD,1100
L0449,O0449,2026-09-01,USD,4100
L0450,O0450,2026-09-01,USD,4600
L0451,O0451,2026-09-01,USD,2100
L0452,O0452,2026-09-01,USD,3200
L0453,O0453,2026-09-01,USD,3700
L0454,O0454,2026-09-01,USD,2700
L0455,O0455,2026-09-01,USD,4100
L0456,O0456,2026-09-01,USD,4600
L0457,O0457,2026-09-01,USD,2700
L0458,O0458,2026-09-01,USD,4300
L0459,O0459,2026-09-01,USD,2200
L0460,O0460,2026-09-01,USD,3000
L0461,O0461,2026-09-01,USD,2400
L0462,O0462,2026-09-01,USD,3800
L0463,O0463,2026-09-01,USD,4800
L0464,O0464,2026-09-01,USD,1400
L0465,O0465,2026-09-01,USD,2900
L0466,O0466,2026-09-01,USD,2800
L0467,O0467,2026-09-01,USD,4100
L0468,O0468,2026-09-01,USD,3200
L0469,O0469,2026-09-01,USD,200
L0470,O0470,2026-09-01,USD,3400
L0471,O0471,2026-09-01,USD,1000
L0472,O0472,2026-09-01,USD,2900
L0473,O0473,2026-09-01,USD,300
L0474,O0474,2026-09-01,USD,3800
L0475,O0475,2026-09-01,USD,1200
L0476,O0476,2026-09-01,USD,5000
L0477,O0477,2026-09-01,USD,800
L0478,O0478,2026-09-01,USD,500
L0479,O0479,2026-09-01,USD,2900
L0480,O0480,2026-09-01,USD,500
L0481,O0481,2026-09-01,USD,3000
L0482,O0482,2026-09-01,USD,700
L0483,O0483,2026-09-01,USD,800
L0484,O0484,2026-09-01,USD,200
L0485,O0485,2026-09-01,USD,4100
L0486,O0486,2026-09-01,USD,1700
L0487,O0487,2026-09-01,USD,4500
L0488,O0488,2026-09-01,USD,4200
L0489,O0489,2026-09-01,USD,3300
L0490,O0490,2026-09-01,USD,3400
L0491,O0491,2026-09-01,USD,2600
L0492,O0492,2026-09-01,USD,1500
L0493,O0493,2026-09-01,USD,3200
L0494,O0494,2026-09-01,USD,4900
L0495,O0495,2026-09-01,USD,100
L0496,O0496,2026-09-01,USD,1600
L0497,O0497,2026-09-01,USD,2100
L0498,O0498,2026-09-01,USD,2400
L0499,O0499,2026-09-01,USD,700
L0500,O0500,2026-09-01,USD,2600
L0501,O0501,2026-09-01,USD,600
L0502,O0502,2026-09-01,USD,900
L0503,O0503,2026-09-01,USD,100
L0504,O0504,2026-09-01,USD,3400
L0505,O0505,2026-09-01,USD,3900
L0506,O0506,2026-09-01,USD,500
L0507,O0507,2026-09-01,USD,4200
L0508,O0508,2026-09-01,USD,800
L0509,O0509,2026-09-01,USD,2800
L0510,O0510,2026-09-01,USD,300
L0511,O0511,2026-09-01,USD,4400
L0512,O0512,2026-09-01,USD,500
L0513,O0513,2026-09-01,USD,1300
L0514,O0514,2026-09-01,USD,4800
L0515,O0515,2026-09-01,USD,4300
L0516,O0516,2026-09-01,USD,700
L0517,O0517,2026-09-01,USD,3600
L0518,O0518,2026-09-01,USD,3600
L0519,O0519,2026-09-01,USD,2800
L0520,O0520,2026-09-01,USD,3300
L0521,O0521,2026-09-01,USD,200
L0522,O0522,2026-09-01,USD,2300
L0523,O0523,2026-09-01,USD,4500
L0524,O0524,2026-09-01,USD,3800
L0525,O0525,2026-09-01,USD,2100
L0526,O0526,2026-09-01,USD,2400
L0527,O0527,2026-09-01,USD,1900
L0528,O0528,2026-09-01,USD,4300
L0529,O0529,2026-09-01,USD,2800
L0530,O0530,2026-09-01,USD,3500
L0531,O0531,2026-09-01,USD,200
L0532,O0532,2026-09-01,USD,2900
L0533,O0533,2026-09-01,USD,4700
L0534,O0534,2026-09-01,USD,4700
L0535,O0535,2026-09-01,USD,600
L0536,O0536,2026-09-01,USD,200
L0537,O0537,2026-09-01,USD,4000
L0538,O0538,2026-09-01,USD,100
L0539,O0539,2026-09-01,USD,400
L0540,O0540,2026-09-01,USD,200
L0541,O0541,2026-09-01,USD,2800
L0542,O0542,2026-09-01,USD,1800
L0543,O0543,2026-09-01,USD,1700
L0544,O0544,2026-09-01,USD,3500
L0545,O0545,2026-09-01,USD,2000
L0546,O0546,2026-09-01,USD,200
L0547,O0547,2026-09-01,USD,2300
L0548,O0548,2026-09-01,USD,2900
L0549,O0549,2026-09-01,USD,2000
L0550,O0550,2026-09-01,USD,300
L0551,O0551,2026-09-01,USD,800
L0552,O0552,2026-09-01,USD,4200
L0553,O0553,2026-09-01,USD,2600
L0554,O0554,2026-09-01,USD,2000
L0555,O0555,2026-09-01,USD,1800
L0556,O0556,2026-09-01,USD,4900
L0557,O0557,2026-09-01,USD,2100
L0558,O0558,2026-09-01,USD,600
L0559,O0559,2026-09-01,USD,2300
L0560,O0560,2026-09-01,USD,300
L0561,O0561,2026-09-01,USD,4800
L0562,O0562,2026-09-01,USD,1400
L0563,O0563,2026-09-01,USD,3500
L0564,O0564,2026-09-01,USD,800
L0565,O0565,2026-09-01,USD,2700
L0566,O0566,2026-09-01,USD,2200
L0567,O0567,2026-09-01,USD,2400
L0568,O0568,2026-09-01,USD,3700
L0569,O0569,2026-09-01,USD,2900
L0570,O0570,2026-09-01,USD,1900
L0571,O0571,2026-09-01,USD,800
L0572,O0572,2026-09-01,USD,3200
L0573,O0573,2026-09-01,USD,2300
L0574,O0574,2026-09-01,USD,3300
L0575,O0575,2026-09-01,USD,1200
L0576,O0576,2026-09-01,USD,700
L0577,O0577,2026-09-01,USD,2900
L0578,O0578,2026-09-01,USD,2800
L0579,O0579,2026-09-01,USD,2800
L0580,O0580,2026-09-01,USD,3100
L0581,O0581,2026-09-01,USD,1200
L0582,O0582,2026-09-01,USD,1500
L0583,O0583,2026-09-01,USD,4300
L0584,O0584,2026-09-01,USD,3900
L0585,O0585,2026-09-01,USD,4700
L0586,O0586,2026-09-01,USD,1800
L0587,O0587,2026-09-01,USD,1700
L0588,O0588,2026-09-01,USD,3200
L0589,O0589,2026-09-01,USD,4100
L0590,O0590,2026-09-01,USD,2700
L0591,O0591,2026-09-01,USD,700
L0592,O0592,2026-09-01,USD,2100
L0593,O0593,2026-09-01,USD,2100
L0594,O0594,2026-09-01,USD,1900
L0595,O0595,2026-09-01,USD,700
L0596,O0596,2026-09-01,USD,4000
L0597,O0597,2026-09-01,USD,3300
L0598,O0598,2026-09-01,USD,3300
L0599,O0599,2026-09-01,USD,4600
L0600,O0600,2026-09-01,USD,2900
L0601,O0601,2026-09-01,USD,4900
L0602,O0602,2026-09-01,USD,3600
L0603,O0603,2026-09-01,USD,3100
L0604,O0604,2026-09-01,USD,4700
L0605,O0605,2026-09-01,USD,1700
L0606,O0606,2026-09-01,USD,5000
L0607,O0607,2026-09-01,USD,4300
L0608,O0608,2026-09-01,USD,2500
L0609,O0609,2026-09-01,USD,5000
L0610,O0610,2026-09-01,USD,2600
L0611,O0611,2026-09-01,USD,300
L0612,O0612,2026-09-01,USD,200
L0613,O0613,2026-09-01,USD,4100
L0614,O0614,2026-09-01,USD,5000
L0615,O0615,2026-09-01,USD,100
L0616,O0616,2026-09-01,USD,1100
L0617,O0617,2026-09-01,USD,1900
L0618,O0618,2026-09-01,USD,1300
L0619,O0619,2026-09-01,USD,4800
L0620,O0620,2026-09-01,USD,2300
L0621,O0621,2026-09-01,USD,4000
L0622,O0622,2026-09-01,USD,4200
L0623,O0623,2026-09-01,USD,2100
L0624,O0624,2026-09-01,USD,1000
L0625,O0625,2026-09-01,USD,3400
L0626,O0626,2026-09-01,USD,3900
L0627,O0627,2026-09-01,USD,3300
L0628,O0628,2026-09-01,USD,2900
L0629,O0629,2026-09-01,USD,2700
L0630,O0630,2026-09-01,USD,3800
L0631,O0631,2026-09-01,USD,100
L0632,O0632,2026-09-01,USD,1800
L0633,O0633,2026-09-01,USD,4100
L0634,O0634,2026-09-01,USD,1600
L0635,O0635,2026-09-01,USD,3600
L0636,O0636,2026-09-01,USD,2100
L0637,O0637,2026-09-01,USD,2000
L0638,O0638,2026-09-01,USD,4000
L0639,O0639,2026-09-01,USD,4700
L0640,O0640,2026-09-01,USD,4600
L0641,O0641,2026-09-01,USD,100
L0642,O0642,2026-09-01,USD,3700
L0643,O0643,2026-09-01,USD,3300
L0644,O0644,2026-09-01,USD,1200
L0645,O0645,2026-09-01,USD,400
L0646,O0646,2026-09-01,USD,2000
L0647,O0647,2026-09-01,USD,4600
L0648,O0648,2026-09-01,USD,900
L0649,O0649,2026-09-01,USD,800
L0650,O0650,2026-09-01,USD,2900
L0651,O0651,2026-09-01,USD,4800
L0652,O0652,2026-09-01,USD,2200
L0653,O0653,2026-09-01,USD,1700
L0654,O0654,2026-09-01,USD,1000
L0655,O0655,2026-09-01,USD,4200
L0656,O0656,2026-09-01,USD,1500
L0657,O0657,2026-09-01,USD,200
L0658,O0658,2026-09-01,USD,4400
L0659,O0659,2026-09-01,USD,600
L0660,O0660,2026-09-01,USD,1800
L0661,O0661,2026-09-01,USD,1700
L0662,O0662,2026-09-01,USD,1200
L0663,O0663,2026-09-01,USD,3700
L0664,O0664,2026-09-01,USD,2900
L0665,O0665,2026-09-01,USD,3300
L0666,O0666,2026-09-01,USD,300
L0667,O0667,2026-09-01,USD,1100
L0668,O0668,2026-09-01,USD,600
L0669,O0669,2026-09-01,USD,2500
L0670,O0670,2026-09-01,USD,2000
L0671,O0671,2026-09-01,USD,3500
L0672,O0672,2026-09-01,USD,4600
L0673,O0673,2026-09-01,USD,4500
L0674,O0674,2026-09-01,USD,3900
L0675,O0675,2026-09-01,USD,900
L0676,O0676,2026-09-01,USD,3400
L0677,O0677,2026-09-01,USD,4100
L0678,O0678,2026-09-01,USD,2400
L0679,O0679,2026-09-01,USD,4900
L0680,O0680,2026-09-01,USD,500
L0681,O0681,2026-09-01,USD,2400
L0682,O0682,2026-09-01,USD,4000
L0683,O0683,2026-09-01,USD,2900
L0684,O0684,2026-09-01,USD,4400
L0685,O0685,2026-09-01,USD,2400
L0686,O0686,2026-09-01,USD,600
L0687,O0687,2026-09-01,USD,4300
L0688,O0688,2026-09-01,USD,3100
L0689,O0689,2026-09-01,USD,3800
L0690,O0690,2026-09-01,USD,500
L0691,O0691,2026-09-01,USD,4900
L0692,O0692,2026-09-01,USD,800
L0693,O0693,2026-09-01,USD,1000
L0694,O0694,2026-09-01,USD,900
L0695,O0695,2026-09-01,USD,3200
L0696,O0696,2026-09-01,USD,2700
L0697,O0697,2026-09-01,USD,1900
L0698,O0698,2026-09-01,USD,2300
L0699,O0699,2026-09-01,USD,1800
L0700,O0700,2026-09-01,USD,400
L0701,O0701,2026-09-01,USD,2600
L0702,O0702,2026-09-01,USD,1000
L0703,O0703,2026-09-01,USD,4100
L0704,O0704,2026-09-01,USD,3000
L0705,O0705,2026-09-01,USD,3900
L0706,O0706,2026-09-01,USD,4500
L0707,O0707,2026-09-01,USD,4500
L0708,O0708,2026-09-01,USD,3800
L0709,O0709,2026-09-01,USD,3700
L0710,O0710,2026-09-01,USD,2300
L0711,O0711,2026-09-01,USD,2100
L0712,O0712,2026-09-01,USD,4500
L0713,O0713,2026-09-01,USD,3800
L0714,O0714,2026-09-01,USD,200
L0715,O0715,2026-09-01,USD,1000
L0716,O0716,2026-09-01,USD,1600
L0717,O0717,2026-09-01,USD,1200
L0718,O0718,2026-09-01,USD,4200
L0719,O0719,2026-09-01,USD,2200
L0720,O0720,2026-09-01,USD,600
L0721,O0721,2026-09-01,USD,4700
L0722,O0722,2026-09-01,USD,3500
L0723,O0723,2026-09-01,USD,2900
L0724,O0724,2026-09-01,USD,4600
L0725,O0725,2026-09-01,USD,4100
L0726,O0726,2026-09-01,USD,100
L0727,O0727,2026-09-01,USD,2500
L0728,O0728,2026-09-01,USD,2200
L0729,O0729,2026-09-01,USD,1900
L0730,O0730,2026-09-01,USD,3400
L0731,O0731,2026-09-01,USD,1100
L0732,O0732,2026-09-01,USD,1600
L0733,O0733,2026-09-01,USD,1300
L0734,O0734,2026-09-01,USD,2800
L0735,O0735,2026-09-01,USD,3600
L0736,O0736,2026-09-01,USD,3800
L0737,O0737,2026-09-01,USD,3400
L0738,O0738,2026-09-01,USD,2500
L0739,O0739,2026-09-01,USD,2200
L0740,O0740,2026-09-01,USD,1500
L0741,O0741,2026-09-01,USD,4100
L0742,O0742,2026-09-01,USD,1600
L0743,O0743,2026-09-01,USD,2100
L0744,O0744,2026-09-01,USD,1500
L0745,O0745,2026-09-01,USD,3200
L0746,O0746,2026-09-01,USD,600
L0747,O0747,2026-09-01,USD,1900
L0748,O0748,2026-09-01,USD,2100
L0749,O0749,2026-09-01,USD,800
L0750,O0750,2026-09-01,USD,3100
L0751,O0751,2026-09-01,USD,4500
L0752,O0752,2026-09-01,USD,2100
L0753,O0753,2026-09-01,USD,800
L0754,O0754,2026-09-01,USD,2500
L0755,O0755,2026-09-01,USD,300
L0756,O0756,2026-09-01,USD,200
L0757,O0757,2026-09-01,USD,1900
L0758,O0758,2026-09-01,USD,2100
L0759,O0759,2026-09-01,USD,1400
L0760,O0760,2026-09-01,USD,1900
L0761,O0761,2026-09-01,USD,100
L0762,O0762,2026-09-01,USD,2500
L0763,O0763,2026-09-01,USD,3800
L0764,O0764,2026-09-01,USD,300
L0765,O0765,2026-09-01,USD,4800
L0766,O0766,2026-09-01,USD,3700
L0767,O0767,2026-09-01,USD,2100
L0768,O0768,2026-09-01,USD,400
L0769,O0769,2026-09-01,USD,300
L0770,O0770,2026-09-01,USD,3100
L0771,O0771,2026-09-01,USD,2600
L0772,O0772,2026-09-01,USD,800
L0773,O0773,2026-09-01,USD,1600
L0774,O0774,2026-09-01,USD,4400
L0775,O0775,2026-09-01,USD,900
L0776,O0776,2026-09-01,USD,400
L0777,O0777,2026-09-01,USD,4500
L0778,O0778,2026-09-01,USD,4700
L0779,O0779,2026-09-01,USD,4900
L0780,O0780,2026-09-01,USD,3700
L0781,O0781,2026-09-01,USD,2800
L0782,O0782,2026-09-01,USD,2300
L0783,O0783,2026-09-01,USD,600
L0784,O0784,2026-09-01,USD,3400
L0785,O0785,2026-09-01,USD,1600
L0786,O0786,2026-09-01,USD,800
L0787,O0787,2026-09-01,USD,1800
L0788,O0788,2026-09-01,USD,200
L0789,O0789,2026-09-01,USD,2900
L0790,O0790,2026-09-01,USD,700
L0791,O0791,2026-09-01,USD,1500
L0792,O0792,2026-09-01,USD,2100
L0793,O0793,2026-09-01,USD,4600
L0794,O0794,2026-09-01,USD,4800
L0795,O0795,2026-09-01,USD,3200
L0796,O0796,2026-09-01,USD,4000
L0797,O0797,2026-09-01,USD,2700
L0798,O0798,2026-09-01,USD,3600
L0799,O0799,2026-09-01,USD,4400
L0800,O0800,2026-09-01,USD,4200
L0801,O0801,2026-09-01,USD,2300
L0802,O0802,2026-09-01,USD,4300
L0803,O0803,2026-09-01,USD,2400
L0804,O0804,2026-09-01,USD,600
L0805,O0805,2026-09-01,USD,2800
L0806,O0806,2026-09-01,USD,2000
L0807,O0807,2026-09-01,USD,1600
L0808,O0808,2026-09-01,USD,2300
L0809,O0809,2026-09-01,USD,4000
L0810,O0810,2026-09-01,USD,2700
L0811,O0811,2026-09-01,USD,3100
L0812,O0812,2026-09-01,USD,3700
L0813,O0813,2026-09-01,USD,600
L0814,O0814,2026-09-01,USD,4900
L0815,O0815,2026-09-01,USD,4200
L0816,O0816,2026-09-01,USD,4000
L0817,O0817,2026-09-01,USD,400
L0818,O0818,2026-09-01,USD,1400
L0819,O0819,2026-09-01,USD,700
L0820,O0820,2026-09-01,USD,2500
L0821,O0821,2026-09-01,USD,1900
L0822,O0822,2026-09-01,USD,1300
L0823,O0823,2026-09-01,USD,2800
L0824,O0824,2026-09-01,USD,3000
L0825,O0825,2026-09-01,USD,1100
L0826,O0826,2026-09-01,USD,4800
L0827,O0827,2026-09-01,USD,4700
L0828,O0828,2026-09-01,USD,3900
L0829,O0829,2026-09-01,USD,3300
L0830,O0830,2026-09-01,USD,4900
L0831,O0831,2026-09-01,USD,600
L0832,O0832,2026-09-01,USD,2300
L0833,O0833,2026-09-01,USD,4800
L0834,O0834,2026-09-01,USD,1100
L0835,O0835,2026-09-01,USD,200
L0836,O0836,2026-09-01,USD,3000
L0837,O0837,2026-09-01,USD,1600
L0838,O0838,2026-09-01,USD,4200
L0839,O0839,2026-09-01,USD,200
L0840,O0840,2026-09-01,USD,3600
L0841,O0841,2026-09-01,USD,2100
L0842,O0842,2026-09-01,USD,2600
L0843,O0843,2026-09-01,USD,2100
L0844,O0844,2026-09-01,USD,1100
L0845,O0845,2026-09-01,USD,3100
L0846,O0846,2026-09-01,USD,2700
L0847,O0847,2026-09-01,USD,1200
L0848,O0848,2026-09-01,USD,3000
L0849,O0849,2026-09-01,USD,3500
L0850,O0850,2026-09-01,USD,400
L0851,O0851,2026-09-01,USD,800
L0852,O0852,2026-09-01,USD,3000
L0853,O0853,2026-09-01,USD,4200
L0854,O0854,2026-09-01,USD,300
L0855,O0855,2026-09-01,USD,2700
L0856,O0856,2026-09-01,USD,100
L0857,O0857,2026-09-01,USD,4600
L0858,O0858,2026-09-01,USD,4300
L0859,O0859,2026-09-01,USD,1900
L0860,O0860,2026-09-01,USD,3600
L0861,O0861,2026-09-01,USD,4900
L0862,O0862,2026-09-01,USD,4100
L0863,O0863,2026-09-01,USD,4700
L0864,O0864,2026-09-01,USD,2900
L0865,O0865,2026-09-01,USD,1800
L0866,O0866,2026-09-01,USD,900
L0867,O0867,2026-09-01,USD,2200
L0868,O0868,2026-09-01,USD,1500
L0869,O0869,2026-09-01,USD,1700
L0870,O0870,2026-09-01,USD,2500
L0871,O0871,2026-09-01,USD,4700
L0872,O0872,2026-09-01,USD,3600
L0873,O0873,2026-09-01,USD,4000
L0874,O0874,2026-09-01,USD,3700
L0875,O0875,2026-09-01,USD,2400
L0876,O0876,2026-09-01,USD,4700
L0877,O0877,2026-09-01,USD,3400
L0878,O0878,2026-09-01,USD,3900
L0879,O0879,2026-09-01,USD,2500
L0880,O0880,2026-09-01,USD,700
L0881,O0881,2026-09-01,USD,2200
L0882,O0882,2026-09-01,USD,1900
L0883,O0883,2026-09-01,USD,2300
L0884,O0884,2026-09-01,USD,4100
L0885,O0885,2026-09-01,USD,900
L0886,O0886,2026-09-01,USD,2400
L0887,O0887,2026-09-01,USD,3500
L0888,O0888,2026-09-01,USD,4900
L0889,O0889,2026-09-01,USD,3000
L0890,O0890,2026-09-01,USD,2900
L0891,O0891,2026-09-01,USD,3300
L0892,O0892,2026-09-01,USD,3900
L0893,O0893,2026-09-01,USD,100
L0894,O0894,2026-09-01,USD,3700
L0895,O0895,2026-09-01,USD,1100
L0896,O0896,2026-09-01,USD,4400
L0897,O0897,2026-09-01,USD,200
L0898,O0898,2026-09-01,USD,3600
L0899,O0899,2026-09-01,USD,2800
L0900,O0900,2026-09-01,USD,100
L0901,O0901,2026-09-01,USD,200
L0902,O0902,2026-09-01,USD,3700
L0903,O0903,2026-09-01,USD,2000
L0904,O0904,2026-09-01,USD,800
L0905,O0905,2026-09-01,USD,4400
L0906,O0906,2026-09-01,USD,1100
L0907,O0907,2026-09-01,USD,3400
L0908,O0908,2026-09-01,USD,300
L0909,O0909,2026-09-01,USD,2500
L0910,O0910,2026-09-01,USD,1400
L0911,O0911,2026-09-01,USD,2600
L0912,O0912,2026-09-01,USD,3000
L0913,O0913,2026-09-01,USD,3300
L0914,O0914,2026-09-01,USD,1000
L0915,O0915,2026-09-01,USD,1000
L0916,O0916,2026-09-01,USD,4000
L0917,O0917,2026-09-01,USD,2900
L0918,O0918,2026-09-01,USD,3400
L0919,O0919,2026-09-01,USD,1400
L0920,O0920,2026-09-01,USD,600
L0921,O0921,2026-09-01,USD,1200
L0922,O0922,2026-09-01,USD,1600
L0923,O0923,2026-09-01,USD,3600
L0924,O0924,2026-09-01,USD,1700
L0925,O0925,2026-09-01,USD,600
L0926,O0926,2026-09-01,USD,600
L0927,O0927,2026-09-01,USD,1200
L0928,O0928,2026-09-01,USD,2000
L0929,O0929,2026-09-01,USD,1700
L0930,O0930,2026-09-01,USD,4300
L0931,O0931,2026-09-01,USD,3200
L0932,O0932,2026-09-01,USD,2000
L0933,O0933,2026-09-01,USD,3400
L0934,O0934,2026-09-01,USD,100
L0935,O0935,2026-09-01,USD,3000
L0936,O0936,2026-09-01,USD,2400
L0937,O0937,2026-09-01,USD,300
L0938,O0938,2026-09-01,USD,2300
L0939,O0939,2026-09-01,USD,500
L0940,O0940,2026-09-01,USD,800
L0941,O0941,2026-09-01,USD,100
L0942,O0942,2026-09-01,USD,2000
L0943,O0943,2026-09-01,USD,4500
L0944,O0944,2026-09-01,USD,600
L0945,O0945,2026-09-01,USD,4500
L0946,O0946,2026-09-01,USD,3800
L0947,O0947,2026-09-01,USD,1500
L0948,O0948,2026-09-01,USD,1700
L0949,O0949,2026-09-01,USD,3800
L0950,O0950,2026-09-01,USD,200
L0951,O0951,2026-09-01,USD,4300
L0952,O0952,2026-09-01,USD,1800
L0953,O0953,2026-09-01,USD,4800
L0954,O0954,2026-09-01,USD,2700
L0955,O0955,2026-09-01,USD,1400
L0956,O0956,2026-09-01,USD,200
L0957,O0957,2026-09-01,USD,800
L0958,O0958,2026-09-01,USD,1400
L0959,O0959,2026-09-01,USD,2200
L0960,O0960,2026-09-01,USD,3900
L0961,O0961,2026-09-01,USD,4000
L0962,O0962,2026-09-01,USD,3000
L0963,O0963,2026-09-01,USD,1300
L0964,O0964,2026-09-01,USD,3400
L0965,O0965,2026-09-01,USD,1700
L0966,O0966,2026-09-01,USD,2200
L0967,O0967,2026-09-01,USD,300
L0968,O0968,2026-09-01,USD,1800
L0969,O0969,2026-09-01,USD,600
L0970,O0970,2026-09-01,USD,3200
L0971,O0971,2026-09-01,USD,4500
L0972,O0972,2026-09-01,USD,200
L0973,O0973,2026-09-01,USD,1600
L0974,O0974,2026-09-01,USD,2200
L0975,O0975,2026-09-01,USD,4000
L0976,O0976,2026-09-01,USD,1400
L0977,O0977,2026-09-01,USD,1800
L0978,O0978,2026-09-01,USD,2600
L0979,O0979,2026-09-01,USD,2500
L0980,O0980,2026-09-01,USD,4700
L0981,O0981,2026-09-01,USD,4600
L0982,O0982,2026-09-01,USD,3900
L0983,O0983,2026-09-01,USD,2700
L0984,O0984,2026-09-01,USD,300
L0985,O0985,2026-09-01,USD,2000
L0986,O0986,2026-09-01,USD,2900
L0987,O0987,2026-09-01,USD,1700
L0988,O0988,2026-09-01,USD,2800
L0989,O0989,2026-09-01,USD,800
L0990,O0990,2026-09-01,USD,4200
L0991,O0991,2026-09-29,USD,3900
L0992,O0992,2026-09-29,USD,700
L0993,O0993,2026-09-29,USD,400
L0994,O0994,2026-09-29,USD,3000
L0995,O0995,2026-09-29,USD,2700
L0996,O0996,2026-09-29,USD,2100
L0997,O0997,2026-09-29,USD,1300
L0998,O0998,2026-09-29,USD,1300
L0999,O0999,2026-09-29,USD,2600
L1000,O1000,2026-09-29,USD,2800
L0006dup,O0006,2026-09-01,USD,3000
L0007dup,O0007,2026-09-01,USD,2400
L0008dup,O0008,2026-09-01,USD,4300
L0009dup,O0009,2026-09-01,USD,4500
L0010dup,O0010,2026-09-01,USD,700
L0011dup,O0011,2026-09-01,USD,3000
L0012dup,O0012,2026-09-01,USD,3900
L0013dup,O0013,2026-09-01,USD,3200
