row_id,settlement_id,order_id,settled_date,currency,amount_cents
P0001,S0001,O0001,2026-09-03,USD,300
P0002,S0002,O0002,2026-09-03,USD,1900
P0003,S0003,O0003,2026-09-03,USD,4500
P0004,S0004,O0004,2026-09-03,USD,4900
P0005,S0005,O0005,2026-09-03,USD,1000
P0006,S0006,O0006,2026-09-03,USD,3000
P0007,S0007,O0007,2026-09-03,USD,2400
P0008,S0008,O0008,2026-09-03,USD,4300
P0009,S0009,O0009,2026-09-03,USD,4500
P0010,S0010,O0010,2026-09-03,USD,700
P0011,S0011,O0011,2026-09-03,USD,3000
P0012,S0012,O0012,2026-09-03,USD,3900
P0013,S0013,O0013,2026-09-03,USD,3200
P0014,S0014,O0014,2026-09-03,USD,3900
P0015,S0015,O0015,2026-09-03,USD,200
P0016,S0016,O0016,2026-09-03,USD,3300
P0017,S0017,O0017,2026-09-03,USD,2800
P0018,S0018,O0018,2026-09-03,USD,3700
P0019,S0019,O0019,2026-09-03,USD,2400
P0020,S0020,O0020,2026-09-03,USD,4000
P0021,S0021,O0021,2026-09-03,USD,3600
P0022,S0022,O0022,2026-09-03,USD,4900
P0023,S0023,O0023,2026-09-03,USD,2800
P0024,S0024,O0024,2026-09-03,USD,2600
P0025,S0025,O0025,2026-09-03,USD,1200
P0026,S0026,O0026,2026-09-03,USD,400
P0027,S0027,O0027,2026-09-03,USD,700
P0028,S0028,O0028,2026-09-03,USD,800
P0029,S0029,O0029,2026-09-03,USD,2500
P0030,S0030,O0030,2026-09-03,USD,1000
P0031,S0031,O0031,2026-09-03,USD,700
P0032,S0032,O0032,2026-09-03,USD,1100
P0033,S0033,O0033,2026-09-03,USD,3300
P0034,S0034,O0034,2026-09-03,USD,3200
P0035,S0035,O0035,2026-09-03,USD,900
P0036,S0036,O0036,2026-09-03,USD,5000
P0037,S0037,O0037,2026-09-03,USD,2500
P0038,S0038,O0038,2026-09-03,USD,3900
P0039,S0039,O0039,2026-09-03,USD,3300
P0040,S0040,O0040,2026-09-03,USD,1800
P0041,S0041,O0041,2026-09-03,USD,3700
P0042,S0042,O0042,2026-09-03,USD,1200
P0043,S0043,O0043,2026-09-03,USD,2500
P0044,S0044,O0044,2026-09-03,USD,500
P0045,S0045,O0045,2026-09-03,USD,400
P0046,S0046,O0046,2026-09-03,USD,3800
P0047,S0047,O0047,2026-09-03,USD,400
P0048,S0048,O0048,2026-09-03,USD,1200
P0049,S0049,O0049,2026-09-03,USD,400
P0050,S0050,O0050,2026-09-03,USD,1100
P0051,S0051,O0051,2026-09-03,USD,1900
P0052,S0052,O0052,2026-09-03,USD,1800
P0053,S0053,O0053,2026-09-03,USD,500
P0054,S0054,O0054,2026-09-03,USD,3400
P0055,S0055,O0055,2026-09-03,USD,4000
P0056,S0056,O0056,2026-09-03,USD,700
P0057,S0057,O0057,2026-09-03,USD,3800
P0058,S0058,O0058,2026-09-03,USD,4200
P0059,S0059,O0059,2026-09-03,USD,4200
P0060,S0060,O0060,2026-09-03,USD,4400
P0061,S0061,O0061,2026-09-03,USD,400
P0062,S0062,O0062,2026-09-03,USD,700
P0063,S0063,O0063,2026-09-03,USD,4000
P0064,S0064,O0064,2026-09-03,USD,3000
P0065,S0065,O0065,2026-09-03,USD,4200
P0066,S0066,O0066,2026-09-03,USD,4700
P0067,S0067,O0067,2026-09-03,USD,2200
P0068,S0068,O0068,2026-09-03,USD,2200
P0069,S0069,O0069,2026-09-03,USD,3400
P0070,S0070,O0070,2026-09-03,USD,4300
P0071,S0071,O0071,2026-09-03,USD,4500
P0072,S0072,O0072,2026-09-03,USD,2900
P0073,S0073,O0073,2026-09-03,USD,1100
P0074,S0074,O0074,2026-09-03,USD,900
P0075,S0075,O0075,2026-09-03,USD,600
P0076,S0076,O0076,2026-09-03,USD,5000
P0077,S0077,O0077,2026-09-03,USD,2100
P0078,S0078,O0078,2026-09-03,USD,400
P0079,S0079,O0079,2026-09-03,USD,3800
P0080,S0080,O0080,2026-09-03,USD,1800
P0081,S0081,O0081,2026-09-03,USD,2400
P0082,S0082,O0082,2026-09-03,USD,4700
P0083,S0083,O0083,2026-09-03,USD,1200
P0084,S0084,O0084,2026-09-03,USD,4400
P0085,S0085,O0085,2026-09-03,USD,3900
P0086,S0086,O0086,2026-09-03,USD,500
P0087,S0087,O0087,2026-09-03,USD,3600
P0088,S0088,O0088,2026-09-03,USD,4300
P0089,S0089,O0089,2026-09-03,USD,800
P0090,S0090,O0090,2026-09-03,USD,2000
P0091,S0091,O0091,2026-09-03,USD,3200
P0092,S0092,O0092,2026-09-03,USD,5000
P0093,S0093,O0093,2026-09-03,USD,4700
P0094,S0094,O0094,2026-09-03,USD,2400
P0095,S0095,O0095,2026-09-03,USD,4600
P0096,S0096,O0096,2026-09-03,USD,2800
P0097,S0097,O0097,2026-09-03,USD,300
P0098,S0098,O0098,2026-09-03,USD,3100
P0099,S0099,O0099,2026-09-03,USD,2700
P0100,S0100,O0100,2026-09-03,USD,3900
P0101,S0101,O0101,2026-09-03,USD,5000
P0102,S0102,O0102,2026-09-03,USD,600
P0103,S0103,O0103,2026-09-03,USD,2300
P0104,S0104,O0104,2026-09-03,USD,900
P0105,S0105,O0105,2026-09-03,USD,4200
P0106,S0106,O0106,2026-09-03,USD,600
P0107,S0107,O0107,2026-09-03,USD,4300
P0108,S0108,O0108,2026-09-03,USD,4700
P0109,S0109,O0109,2026-09-03,USD,1000
P0110,S0110,O0110,2026-09-03,USD,3700
P0111,S0111,O0111,2026-09-03,USD,2000
P0112,S0112,O0112,2026-09-03,USD,700
P0113,S0113,O0113,2026-09-03,USD,4500
P0114,S0114,O0114,2026-09-03,USD,3500
P0115,S0115,O0115,2026-09-03,USD,2800
P0116,S0116,O0116,2026-09-03,USD,2900
P0117,S0117,O0117,2026-09-03,USD,3800
P0118,S0118,O0118,2026-09-03,USD,300
P0119,S0119,O0119,2026-09-03,USD,1000
P0120,S0120,O0120,2026-09-03,USD,100
P0121,S0121,O0121,2026-09-03,USD,700
P0122,S0122,O0122,2026-09-03,USD,800
P0123,S0123,O0123,2026-09-03,USD,900
P0124,S0124,O0124,2026-09-03,USD,4800
P0125,S0125,O0125,2026-09-03,USD,200
P0126,S0126,O0126,2026-09-03,USD,5000
P0127,S0127,O0127,2026-09-03,USD,5000
P0128,S0128,O0128,2026-09-03,USD,2200
P0129,S0129,O0129,2026-09-03,USD,800
P0130,S0130,O0130,2026-09-03,USD,4600
P0131,S0131,O0131,2026-09-03,USD,3500
P0132,S0132,O0132,2026-09-03,USD,3200
P0133,S0133,O0133,2026-09-03,USD,1700
P0134,S0134,O0134,2026-09-03,USD,4900
P0135,S0135,O0135,2026-09-03,USD,4500
P0136,S0136,O0136,2026-09-03,USD,3000
P0137,S0137,O0137,2026-09-03,USD,2200
P0138,S0138,O0138,2026-09-03,USD,2500
P0139,S0139,O0139,2026-09-03,USD,600
P0140,S0140,O0140,2026-09-03,USD,4600
P0141,S0141,O0141,2026-09-03,USD,300
P0142,S0142,O0142,2026-09-03,USD,600
P0143,S0143,O0143,2026-09-03,USD,4600
P0144,S0144,O0144,2026-09-03,USD,1400
P0145,S0145,O0145,2026-09-03,USD,4400
P0146,S0146,O0146,2026-09-03,USD,2600
P0147,S0147,O0147,2026-09-03,USD,1300
P0148,S0148,O0148,2026-09-03,USD,4400
P0149,S0149,O0149,2026-09-03,USD,3700
P0150,S0150,O0150,2026-09-03,USD,2600
P0151,S0151,O0151,2026-09-03,USD,1700
P0152,S0152,O0152,2026-09-03,USD,3900
P0153,S0153,O0153,2026-09-03,USD,3800
P0154,S0154,O0154,2026-09-03,USD,2700
P0155,S0155,O0155,2026-09-03,USD,2100
P0156,S0156,O0156,2026-09-03,USD,2600
P0157,S0157,O0157,2026-09-03,USD,2300
P0158,S0158,O0158,2026-09-03,USD,400
P0159,S0159,O0159,2026-09-03,USD,1200
P0160,S0160,O0160,2026-09-03,USD,3500
P0161,S0161,O0161,2026-09-03,USD,1200
P0162,S0162,O0162,2026-09-03,USD,1300
P0163,S0163,O0163,2026-09-03,USD,4600
P0164,S0164,O0164,2026-09-03,USD,4800
P0165,S0165,O0165,2026-09-03,USD,400
P0166,S0166,O0166,2026-09-03,USD,4300
P0167,S0167,O0167,2026-09-03,USD,1500
P0168,S0168,O0168,2026-09-03,USD,2000
P0169,S0169,O0169,2026-09-03,USD,1500
P0170,S0170,O0170,2026-09-03,USD,2300
P0171,S0171,O0171,2026-09-03,USD,1300
P0172,S0172,O0172,2026-09-03,USD,5000
P0173,S0173,O0173,2026-09-03,USD,1400
P0174,S0174,O0174,2026-09-03,USD,2500
P0175,S0175,O0175,2026-09-03,USD,2500
P0176,S0176,O0176,2026-09-03,USD,1500
P0177,S0177,O0177,2026-09-03,USD,400
P0178,S0178,O0178,2026-09-03,USD,3000
P0179,S0179,O0179,2026-09-03,USD,3300
P0180,S0180,O0180,2026-09-03,USD,400
P0181,S0181,O0181,2026-09-03,USD,700
P0182,S0182,O0182,2026-09-03,USD,200
P0183,S0183,O0183,2026-09-03,USD,200
P0184,S0184,O0184,2026-09-03,USD,3500
P0185,S0185,O0185,2026-09-03,USD,4000
P0186,S0186,O0186,2026-09-03,USD,3300
P0187,S0187,O0187,2026-09-03,USD,3300
P0188,S0188,O0188,2026-09-03,USD,3300
P0189,S0189,O0189,2026-09-03,USD,800
P0190,S0190,O0190,2026-09-03,USD,3800
P0191,S0191,O0191,2026-09-03,USD,2300
P0192,S0192,O0192,2026-09-03,USD,1700
P0193,S0193,O0193,2026-09-03,USD,1500
P0194,S0194,O0194,2026-09-03,USD,900
P0195,S0195,O0195,2026-09-03,USD,2900
P0196,S0196,O0196,2026-09-03,USD,4900
P0197,S0197,O0197,2026-09-03,USD,2600
P0198,S0198,O0198,2026-09-03,USD,1000
P0199,S0199,O0199,2026-09-03,USD,1600
P0200,S0200,O0200,2026-09-03,USD,100
P0201,S0201,O0201,2026-09-03,USD,700
P0202,S0202,O0202,2026-09-03,USD,4500
P0203,S0203,O0203,2026-09-03,USD,1500
P0204,S0204,O0204,2026-09-03,USD,800
P0205,S0205,O0205,2026-09-03,USD,3700
P0206,S0206,O0206,2026-09-03,USD,4000
P0207,S0207,O0207,2026-09-03,USD,2700
P0208,S0208,O0208,2026-09-03,USD,1300
P0209,S0209,O0209,2026-09-03,USD,2500
P0210,S0210,O0210,2026-09-03,USD,2800
P0211,S0211,O0211,2026-09-03,USD,700
P0212,S0212,O0212,2026-09-03,USD,100
P0213,S0213,O0213,2026-09-03,USD,1200
P0214,S0214,O0214,2026-09-03,USD,2500
P0215,S0215,O0215,2026-09-03,USD,800
P0216,S0216,O0216,2026-09-03,USD,2200
P0217,S0217,O0217,2026-09-03,USD,2100
P0218,S0218,O0218,2026-09-03,USD,1700
P0219,S0219,O0219,2026-09-03,USD,3500
P0220,S0220,O0220,2026-09-03,USD,900
P0221,S0221,O0221,2026-09-03,USD,3500
P0222,S0222,O0222,2026-09-03,USD,3700
P0223,S0223,O0223,2026-09-03,USD,1000
P0224,S0224,O0224,2026-09-03,USD,4500
P0225,S0225,O0225,2026-09-03,USD,1600
P0226,S0226,O0226,2026-09-03,USD,1300
P0227,S0227,O0227,2026-09-03,USD,1600
P0228,S0228,O0228,2026-09-03,USD,300
P0229,S0229,O0229,2026-09-03,USD,600
P0230,S0230,O0230,2026-09-03,USD,1800
P0231,S0231,O0231,2026-09-03,USD,3100
P0232,S0232,O0232,2026-09-03,USD,4500
P0233,S0233,O0233,2026-09-03,USD,1800
P0234,S0234,O0234,2026-09-03,USD,4200
P0235,S0235,O0235,2026-09-03,USD,500
P0236,S0236,O0236,2026-09-03,USD,3100
P0237,S0237,O0237,2026-09-03,USD,4600
P0238,S0238,O0238,2026-09-03,USD,2200
P0239,S0239,O0239,2026-09-03,USD,1000
P0240,S0240,O0240,2026-09-03,USD,2100
P0241,S0241,O0241,2026-09-03,USD,1500
P0242,S0242,O0242,2026-09-03,USD,100
P0243,S0243,O0243,2026-09-03,USD,4700
P0244,S0244,O0244,2026-09-03,USD,1400
P0245,S0245,O0245,2026-09-03,USD,3100
P0246,S0246,O0246,2026-09-03,USD,4100
P0247,S0247,O0247,2026-09-03,USD,1000
P0248,S0248,O0248,2026-09-03,USD,1900
P0249,S0249,O0249,2026-09-03,USD,3700
P0250,S0250,O0250,2026-09-03,USD,4300
P0251,S0251,O0251,2026-09-03,USD,2900
P0252,S0252,O0252,2026-09-03,USD,2000
P0253,S0253,O0253,2026-09-03,USD,4700
P0254,S0254,O0254,2026-09-03,USD,3100
P0255,S0255,O0255,2026-09-03,USD,2900
P0256,S0256,O0256,2026-09-03,USD,2000
P0257,S0257,O0257,2026-09-03,USD,4900
P0258,S0258,O0258,2026-09-03,USD,4800
P0259,S0259,O0259,2026-09-03,USD,3600
P0260,S0260,O0260,2026-09-03,USD,3200
P0261,S0261,O0261,2026-09-03,USD,3600
P0262,S0262,O0262,2026-09-03,USD,4000
P0263,S0263,O0263,2026-09-03,USD,2800
P0264,S0264,O0264,2026-09-03,USD,4700
P0265,S0265,O0265,2026-09-03,USD,2800
P0266,S0266,O0266,2026-09-03,USD,3400
P0267,S0267,O0267,2026-09-03,USD,3700
P0268,S0268,O0268,2026-09-03,USD,500
P0269,S0269,O0269,2026-09-03,USD,1400
P0270,S0270,O0270,2026-09-03,USD,4000
P0271,S0271,O0271,2026-09-03,USD,4500
P0272,S0272,O0272,2026-09-03,USD,4100
P0273,S0273,O0273,2026-09-03,USD,4700
P0274,S0274,O0274,2026-09-03,USD,1000
P0275,S0275,O0275,2026-09-03,USD,3900
P0276,S0276,O0276,2026-09-03,USD,4800
P0277,S0277,O0277,2026-09-03,USD,200
P0278,S0278,O0278,2026-09-03,USD,4200
P0279,S0279,O0279,2026-09-03,USD,700
P0280,S0280,O0280,2026-09-03,USD,4100
P0281,S0281,O0281,2026-09-03,USD,4500
P0282,S0282,O0282,2026-09-03,USD,600
P0283,S0283,O0283,2026-09-03,USD,5000
P0284,S0284,O0284,2026-09-03,USD,4200
P0285,S0285,O0285,2026-09-03,USD,1500
P0286,S0286,O0286,2026-09-03,USD,1300
P0287,S0287,O0287,2026-09-03,USD,1300
P0288,S0288,O0288,2026-09-03,USD,4000
P0289,S0289,O0289,2026-09-03,USD,4700
P0290,S0290,O0290,2026-09-03,USD,3400
P0291,S0291,O0291,2026-09-03,USD,400
P0292,S0292,O0292,2026-09-03,USD,1700
P0293,S0293,O0293,2026-09-03,USD,1100
P0294,S0294,O0294,2026-09-03,USD,3200
P0295,S0295,O0295,2026-09-03,USD,3000
P0296,S0296,O0296,2026-09-03,USD,2700
P0297,S0297,O0297,2026-09-03,USD,2000
P0298,S0298,O0298,2026-09-03,USD,500
P0299,S0299,O0299,2026-09-03,USD,2200
P0300,S0300,O0300,2026-09-03,USD,3000
P0301,S0301,O0301,2026-09-03,USD,2900
P0302,S0302,O0302,2026-09-03,USD,4500
P0303,S0303,O0303,2026-09-03,USD,1800
P0304,S0304,O0304,2026-09-03,USD,3200
P0305,S0305,O0305,2026-09-03,USD,900
P0306,S0306,O0306,2026-09-03,USD,800
P0307,S0307,O0307,2026-09-03,USD,2100
P0308,S0308,O0308,2026-09-03,USD,2300
P0309,S0309,O0309,2026-09-03,USD,2200
P0310,S0310,O0310,2026-09-03,USD,2400
P0311,S0311,O0311,2026-09-03,USD,700
P0312,S0312,O0312,2026-09-03,USD,2500
P0313,S0313,O0313,2026-09-03,USD,4500
P0314,S0314,O0314,2026-09-03,USD,2900
P0315,S0315,O0315,2026-09-03,USD,2100
P0316,S0316,O0316,2026-09-03,USD,2000
P0317,S0317,O0317,2026-09-03,USD,1400
P0318,S0318,O0318,2026-09-03,USD,1600
P0319,S0319,O0319,2026-09-03,USD,3000
P0320,S0320,O0320,2026-09-03,USD,1200
P0321,S0321,O0321,2026-09-03,USD,2400
P0322,S0322,O0322,2026-09-03,USD,2000
P0323,S0323,O0323,2026-09-03,USD,2800
P0324,S0324,O0324,2026-09-03,USD,1600
P0325,S0325,O0325,2026-09-03,USD,3800
P0326,S0326,O0326,2026-09-03,USD,1900
P0327,S0327,O0327,2026-09-03,USD,3400
P0328,S0328,O0328,2026-09-03,USD,4100
P0329,S0329,O0329,2026-09-03,USD,400
P0330,S0330,O0330,2026-09-03,USD,1200
P0331,S0331,O0331,2026-09-03,USD,2000
P0332,S0332,O0332,2026-09-03,USD,900
P0333,S0333,O0333,2026-09-03,USD,1000
P0334,S0334,O0334,2026-09-03,USD,1400
P0335,S0335,O0335,2026-09-03,USD,900
P0336,S0336,O0336,2026-09-03,USD,1200
P0337,S0337,O0337,2026-09-03,USD,4500
P0338,S0338,O0338,2026-09-03,USD,4200
P0339,S0339,O0339,2026-09-03,USD,3800
P0340,S0340,O0340,2026-09-03,USD,3300
P0341,S0341,O0341,2026-09-03,USD,4600
P0342,S0342,O0342,2026-09-03,USD,4600
P0343,S0343,O0343,2026-09-03,USD,1300
P0344,S0344,O0344,2026-09-03,USD,1700
P0345,S0345,O0345,2026-09-03,USD,3200
P0346,S0346,O0346,2026-09-03,USD,2500
P0347,S0347,O0347,2026-09-03,USD,3400
P0348,S0348,O0348,2026-09-03,USD,1200
P0349,S0349,O0349,2026-09-03,USD,1700
P0350,S0350,O0350,2026-09-03,USD,700
P0351,S0351,O0351,2026-09-03,USD,4800
P0352,S0352,O0352,2026-09-03,USD,3300
P0353,S0353,O0353,2026-09-03,USD,2400
P0354,S0354,O0354,2026-09-03,USD,900
P0355,S0355,O0355,2026-09-03,USD,700
P0356,S0356,O0356,2026-09-03,USD,2800
P0357,S0357,O0357,2026-09-03,USD,2000
P0358,S0358,O0358,2026-09-03,USD,3300
P0359,S0359,O0359,2026-09-03,USD,4900
P0360,S0360,O0360,2026-09-03,USD,1700
P0361,S0361,O0361,2026-09-03,USD,700
P0362,S0362,O0362,2026-09-03,USD,1000
P0363,S0363,O0363,2026-09-03,USD,3700
P0364,S0364,O0364,2026-09-03,USD,4500
P0365,S0365,O0365,2026-09-03,USD,3400
P0366,S0366,O0366,2026-09-03,USD,2600
P0367,S0367,O0367,2026-09-03,USD,400
P0368,S0368,O0368,2026-09-03,USD,2500
P0369,S0369,O0369,2026-09-03,USD,3700
P0370,S0370,O0370,2026-09-03,USD,2900
P0371,S0371,O0371,2026-09-03,USD,4100
P0372,S0372,O0372,2026-09-03,USD,3000
P0373,S0373,O0373,2026-09-03,USD,3600
P0374,S0374,O0374,2026-09-03,USD,3100
P0375,S0375,O0375,2026-09-03,USD,3500
P0376,S0376,O0376,2026-09-03,USD,4200
P0377,S0377,O0377,2026-09-03,USD,700
P0378,S0378,O0378,2026-09-03,USD,100
P0379,S0379,O0379,2026-09-03,USD,4400
P0380,S0380,O0380,2026-09-03,USD,4600
P0381,S0381,O0381,2026-09-03,USD,3200
P0382,S0382,O0382,2026-09-03,USD,3100
P0383,S0383,O0383,2026-09-03,USD,500
P0384,S0384,O0384,2026-09-03,USD,1900
P0385,S0385,O0385,2026-09-03,USD,700
P0386,S0386,O0386,2026-09-03,USD,4300
P0387,S0387,O0387,2026-09-03,USD,4700
P0388,S0388,O0388,2026-09-03,USD,1400
P0389,S0389,O0389,2026-09-03,USD,2900
P0390,S0390,O0390,2026-09-03,USD,4500
P0391,S0391,O0391,2026-09-03,USD,600
P0392,S0392,O0392,2026-09-03,USD,4400
P0393,S0393,O0393,2026-09-03,USD,4400
P0394,S0394,O0394,2026-09-03,USD,3500
P0395,S0395,O0395,2026-09-03,USD,2800
P0396,S0396,O0396,2026-09-03,USD,3100
P0397,S0397,O0397,2026-09-03,USD,1000
P0398,S0398,O0398,2026-09-03,USD,1200
P0399,S0399,O0399,2026-09-03,USD,2300
P0400,S0400,O0400,2026-09-03,USD,100
P0401,S0401,O0401,2026-09-03,USD,600
P0402,S0402,O0402,2026-09-03,USD,1700
P0403,S0403,O0403,2026-09-03,USD,2200
P0404,S0404,O0404,2026-09-03,USD,300
P0405,S0405,O0405,2026-09-03,USD,600
P0406,S0406,O0406,2026-09-03,USD,3600
P0407,S0407,O0407,2026-09-03,USD,2100
P0408,S0408,O0408,2026-09-03,USD,1200
P0409,S0409,O0409,2026-09-03,USD,200
P0410,S0410,O0410,2026-09-03,USD,4100
P0411,S0411,O0411,2026-09-03,USD,2300
P0412,S0412,O0412,2026-09-03,USD,1400
P0413,S0413,O0413,2026-09-03,USD,2100
P0414,S0414,O0414,2026-09-03,USD,800
P0415,S0415,O0415,2026-09-03,USD,2700
P0416,S0416,O0416,2026-09-03,USD,3000
P0417,S0417,O0417,2026-09-03,USD,400
P0418,S0418,O0418,2026-09-03,USD,100
P0419,S0419,O0419,2026-09-03,USD,4100
P0420,S0420,O0420,2026-09-03,USD,4500
P0421,S0421,O0421,2026-09-03,USD,600
P0422,S0422,O0422,2026-09-03,USD,1500
P0423,S0423,O0423,2026-09-03,USD,700
P0424,S0424,O0424,2026-09-03,USD,1300
P0425,S0425,O0425,2026-09-03,USD,4000
P0426,S0426,O0426,2026-09-03,USD,1400
P0427,S0427,O0427,2026-09-03,USD,1600
P0428,S0428,O0428,2026-09-03,USD,300
P0429,S0429,O0429,2026-09-03,USD,5000
P0430,S0430,O0430,2026-09-03,USD,2600
P0431,S0431,O0431,2026-09-03,USD,300
P0432,S0432,O0432,2026-09-03,USD,800
P0433,S0433,O0433,2026-09-03,USD,700
P0434,S0434,O0434,2026-09-03,USD,2000
P0435,S0435,O0435,2026-09-03,USD,200
P0436,S0436,O0436,2026-09-03,USD,500
P0437,S0437,O0437,2026-09-03,USD,4000
P0438,S0438,O0438,2026-09-03,USD,3300
P0439,S0439,O0439,2026-09-03,USD,4300
P0440,S0440,O0440,2026-09-03,USD,4300
P0441,S0441,O0441,2026-09-03,USD,4400
P0442,S0442,O0442,2026-09-03,USD,1500
P0443,S0443,O0443,2026-09-03,USD,1700
P0444,S0444,O0444,2026-09-03,USD,1800
P0445,S0445,O0445,2026-09-03,USD,2600
P0446,S0446,O0446,2026-09-03,USD,3900
P0447,S0447,O0447,2026-09-03,USD,1200
P0448,S0448,O0448,2026-09-03,USD,1100
P0449,S0449,O0449,2026-09-03,USD,4100
P0450,S0450,O0450,2026-09-03,USD,4600
P0451,S0451,O0451,2026-09-03,USD,2100
P0452,S0452,O0452,2026-09-03,USD,3200
P0453,S0453,O0453,2026-09-03,USD,3700
P0454,S0454,O0454,2026-09-03,USD,2700
P0455,S0455,O0455,2026-09-03,USD,4100
P0456,S0456,O0456,2026-09-03,USD,4600
P0457,S0457,O0457,2026-09-03,USD,2700
P0458,S0458,O0458,2026-09-03,USD,4300
P0459,S0459,O0459,2026-09-03,USD,2200
P0460,S0460,O0460,2026-09-03,USD,3000
P0461,S0461,O0461,2026-09-03,USD,2400
P0462,S0462,O0462,2026-09-03,USD,3800
P0463,S0463,O0463,2026-09-03,USD,4800
P0464,S0464,O0464,2026-09-03,USD,1400
P0465,S0465,O0465,2026-09-03,USD,2900
P0466,S0466,O0466,2026-09-03,USD,2800
P0467,S0467,O0467,2026-09-03,USD,4100
P0468,S0468,O0468,2026-09-03,USD,3200
P0469,S0469,O0469,2026-09-03,USD,200
P0470,S0470,O0470,2026-09-03,USD,3400
P0471,S0471,O0471,2026-09-03,USD,1000
P0472,S0472,O0472,2026-09-03,USD,2900
P0473,S0473,O0473,2026-09-03,USD,300
P0474,S0474,O0474,2026-09-03,USD,3800
P0475,S0475,O0475,2026-09-03,USD,1200
P0476,S0476,O0476,2026-09-03,USD,5000
P0477,S0477,O0477,2026-09-03,USD,800
P0478,S0478,O0478,2026-09-03,USD,500
P0479,S0479,O0479,2026-09-03,USD,2900
P0480,S0480,O0480,2026-09-03,USD,500
P0481,S0481,O0481,2026-09-03,USD,3000
P0482,S0482,O0482,2026-09-03,USD,700
P0483,S0483,O0483,2026-09-03,USD,800
P0484,S0484,O0484,2026-09-03,USD,200
P0485,S0485,O0485,2026-09-03,USD,4100
P0486,S0486,O0486,2026-09-03,USD,1700
P0487,S0487,O0487,2026-09-03,USD,4500
P0488,S0488,O0488,2026-09-03,USD,4200
P0489,S0489,O0489,2026-09-03,USD,3300
P0490,S0490,O0490,2026-09-03,USD,3400
P0491,S0491,O0491,2026-09-03,USD,2600
P0492,S0492,O0492,2026-09-03,USD,1500
P0493,S0493,O0493,2026-09-03,USD,3200
P0494,S0494,O0494,2026-09-03,USD,4900
P0495,S0495,O0495,2026-09-03,USD,100
P0496,S0496,O0496,2026-09-03,USD,1600
P0497,S0497,O0497,2026-09-03,USD,2100
P0498,S0498,O0498,2026-09-03,USD,2400
P0499,S0499,O0499,2026-09-03,USD,700
P0500,S0500,O0500,2026-09-03,USD,2600
P0501,S0501,O0501,2026-09-03,USD,600
P0502,S0502,O0502,2026-09-03,USD,900
P0503,S0503,O0503,2026-09-03,USD,100
P0504,S0504,O0504,2026-09-03,USD,3400
P0505,S0505,O0505,2026-09-03,USD,3900
P0506,S0506,O0506,2026-09-03,USD,500
P0507,S0507,O0507,2026-09-03,USD,4200
P0508,S0508,O0508,2026-09-03,USD,800
P0509,S0509,O0509,2026-09-03,USD,2800
P0510,S0510,O0510,2026-09-03,USD,300
P0511,S0511,O0511,2026-09-03,USD,4400
P0512,S0512,O0512,2026-09-03,USD,500
P0513,S0513,O0513,2026-09-03,USD,1300
P0514,S0514,O0514,2026-09-03,USD,4800
P0515,S0515,O0515,2026-09-03,USD,4300
P0516,S0516,O0516,2026-09-03,USD,700
P0517,S0517,O0517,2026-09-03,USD,3600
P0518,S0518,O0518,2026-09-03,USD,3600
P0519,S0519,O0519,2026-09-03,USD,2800
P0520,S0520,O0520,2026-09-03,USD,3300
P0521,S0521,O0521,2026-09-03,USD,200
P0522,S0522,O0522,2026-09-03,USD,2300
P0523,S0523,O0523,2026-09-03,USD,4500
P0524,S0524,O0524,2026-09-03,USD,3800
P0525,S0525,O0525,2026-09-03,USD,2100
P0526,S0526,O0526,2026-09-03,USD,2400
P0527,S0527,O0527,2026-09-03,USD,1900
P0528,S0528,O0528,2026-09-03,USD,4300
P0529,S0529,O0529,2026-09-03,USD,2800
P0530,S0530,O0530,2026-09-03,USD,3500
P0531,S0531,O0531,2026-09-03,USD,200
P0532,S0532,O0532,2026-09-03,USD,2900
P0533,S0533,O0533,2026-09-03,USD,4700
P0534,S0534,O0534,2026-09-03,USD,4700
P0535,S0535,O0535,2026-09-03,USD,600
P0536,S0536,O0536,2026-09-03,USD,200
P0537,S0537,O0537,2026-09-03,USD,4000
P0538,S0538,O0538,2026-09-03,USD,100
P0539,S0539,O0539,2026-09-03,USD,400
P0540,S0540,O0540,2026-09-03,USD,200
P0541,S0541,O0541,2026-09-03,USD,2800
P0542,S0542,O0542,2026-09-03,USD,1800
P0543,S0543,O0543,2026-09-03,USD,1700
P0544,S0544,O0544,2026-09-03,USD,3500
P0545,S0545,O0545,2026-09-03,USD,2000
P0546,S0546,O0546,2026-09-03,USD,200
P0547,S0547,O0547,2026-09-03,USD,2300
P0548,S0548,O0548,2026-09-03,USD,2900
P0549,S0549,O0549,2026-09-03,USD,2000
P0550,S0550,O0550,2026-09-03,USD,300
P0551,S0551,O0551,2026-09-03,USD,800
P0552,S0552,O0552,2026-09-03,USD,4200
P0553,S0553,O0553,2026-09-03,USD,2600
P0554,S0554,O0554,2026-09-03,USD,2000
P0555,S0555,O0555,2026-09-03,USD,1800
P0556,S0556,O0556,2026-09-03,USD,4900
P0557,S0557,O0557,2026-09-03,USD,2100
P0558,S0558,O0558,2026-09-03,USD,600
P0559,S0559,O0559,2026-09-03,USD,2300
P0560,S0560,O0560,2026-09-03,USD,300
P0561,S0561,O0561,2026-09-03,USD,4800
P0562,S0562,O0562,2026-09-03,USD,1400
P0563,S0563,O0563,2026-09-03,USD,3500
P0564,S0564,O0564,2026-09-03,USD,800
P0565,S0565,O0565,2026-09-03,USD,2700
P0566,S0566,O0566,2026-09-03,USD,2200
P0567,S0567,O0567,2026-09-03,USD,2400
P0568,S0568,O0568,2026-09-03,USD,3700
P0569,S0569,O0569,2026-09-03,USD,2900
P0570,S0570,O0570,2026-09-03,USD,1900
P0571,S0571,O0571,2026-09-03,USD,800
P0572,S0572,O0572,2026-09-03,USD,3200
P0573,S0573,O0573,2026-09-03,USD,2300
P0574,S0574,O0574,2026-09-03,USD,3300
P0575,S0575,O0575,2026-09-03,USD,1200
P0576,S0576,O0576,2026-09-03,USD,700
P0577,S0577,O0577,2026-09-03,USD,2900
P0578,S0578,O0578,2026-09-03,USD,2800
P0579,S0579,O0579,2026-09-03,USD,2800
P0580,S0580,O0580,2026-09-03,USD,3100
P0581,S0581,O0581,2026-09-03,USD,1200
P0582,S0582,O0582,2026-09-03,USD,1500
P0583,S0583,O0583,2026-09-03,USD,4300
P0584,S0584,O0584,2026-09-03,USD,3900
P0585,S0585,O0585,2026-09-03,USD,4700
P0586,S0586,O0586,2026-09-03,USD,1800
P0587,S0587,O0587,2026-09-03,USD,1700
P0588,S0588,O0588,2026-09-03,USD,3200
P0589,S0589,O0589,2026-09-03,USD,4100
P0590,S0590,O0590,2026-09-03,USD,2700
P0591,S0591,O0591,2026-09-03,USD,700
P0592,S0592,O0592,2026-09-03,USD,2100
P0593,S0593,O0593,2026-09-03,USD,2100
P0594,S0594,O0594,2026-09-03,USD,1900
P0595,S0595,O0595,2026-09-03,USD,700
P0596,S0596,O0596,2026-09-03,USD,4000
P0597,S0597,O0597,2026-09-03,USD,3300
P0598,S0598,O0598,2026-09-03,USD,3300
P0599,S0599,O0599,2026-09-03,USD,4600
P0600,S0600,O0600,2026-09-03,USD,2900
P0601,S0601,O0601,2026-09-03,USD,4900
P0602,S0602,O0602,2026-09-03,USD,3600
P0603,S0603,O0603,2026-09-03,USD,3100
P0604,S0604,O0604,2026-09-03,USD,4700
P0605,S0605,O0605,2026-09-03,USD,1700
P0606,S0606,O0606,2026-09-03,USD,5000
P0607,S0607,O0607,2026-09-03,USD,4300
P0608,S0608,O0608,2026-09-03,USD,2500
P0609,S0609,O0609,2026-09-03,USD,5000
P0610,S0610,O0610,2026-09-03,USD,2600
P0611,S0611,O0611,2026-09-03,USD,300
P0612,S0612,O0612,2026-09-03,USD,200
P0613,S0613,O0613,2026-09-03,USD,4100
P0614,S0614,O0614,2026-09-03,USD,5000
P0615,S0615,O0615,2026-09-03,USD,100
P0616,S0616,O0616,2026-09-03,USD,1100
P0617,S0617,O0617,2026-09-03,USD,1900
P0618,S0618,O0618,2026-09-03,USD,1300
P0619,S0619,O0619,2026-09-03,USD,4800
P0620,S0620,O0620,2026-09-03,USD,2300
P0621,S0621,O0621,2026-09-03,USD,4000
P0622,S0622,O0622,2026-09-03,USD,4200
P0623,S0623,O0623,2026-09-03,USD,2100
P0624,S0624,O0624,2026-09-03,USD,1000
P0625,S0625,O0625,2026-09-03,USD,3400
P0626,S0626,O0626,2026-09-03,USD,3900
P0627,S0627,O0627,2026-09-03,USD,3300
P0628,S0628,O0628,2026-09-03,USD,2900
P0629,S0629,O0629,2026-09-03,USD,2700
P0630,S0630,O0630,2026-09-03,USD,3800
P0631,S0631,O0631,2026-09-03,USD,100
P0632,S0632,O0632,2026-09-03,USD,1800
P0633,S0633,O0633,2026-09-03,USD,4100
P0634,S0634,O0634,2026-09-03,USD,1600
P0635,S0635,O0635,2026-09-03,USD,3600
P0636,S0636,O0636,2026-09-03,USD,2100
P0637,S0637,O0637,2026-09-03,USD,2000
P0638,S0638,O0638,2026-09-03,USD,4000
P0639,S0639,O0639,2026-09-03,USD,4700
P0640,S0640,O0640,2026-09-03,USD,4600
P0641,S0641,O0641,2026-09-03,USD,100
P0642,S0642,O0642,2026-09-03,USD,3700
P0643,S0643,O0643,2026-09-03,USD,3300
P0644,S0644,O0644,2026-09-03,USD,1200
P0645,S0645,O0645,2026-09-03,USD,400
P0646,S0646,O0646,2026-09-03,USD,2000
P0647,S0647,O0647,2026-09-03,USD,4600
P0648,S0648,O0648,2026-09-03,USD,900
P0649,S0649,O0649,2026-09-03,USD,800
P0650,S0650,O0650,2026-09-03,USD,2900
P0651,S0651,O0651,2026-09-03,USD,4800
P0652,S0652,O0652,2026-09-03,USD,2200
P0653,S0653,O0653,2026-09-03,USD,1700
P0654,S0654,O0654,2026-09-03,USD,1000
P0655,S0655,O0655,2026-09-03,USD,4200
P0656,S0656,O0656,2026-09-03,USD,1500
P0657,S0657,O0657,2026-09-03,USD,200
P0658,S0658,O0658,2026-09-03,USD,4400
P0659,S0659,O0659,2026-09-03,USD,600
P0660,S0660,O0660,2026-09-03,USD,1800
P0661,S0661,O0661,2026-09-03,USD,1700
P0662,S0662,O0662,2026-09-03,USD,1200
P0663,S0663,O0663,2026-09-03,USD,3700
P0664,S0664,O0664,2026-09-03,USD,2900
P0665,S0665,O0665,2026-09-03,USD,3300
P0666,S0666,O0666,2026-09-03,USD,300
P0667,S0667,O0667,2026-09-03,USD,1100
P0668,S0668,O0668,2026-09-03,USD,600
P0669,S0669,O0669,2026-09-03,USD,2500
P0670,S0670,O0670,2026-09-03,USD,2000
P0671,S0671,O0671,2026-09-03,USD,3500
P0672,S0672,O0672,2026-09-03,USD,4600
P0673,S0673,O0673,2026-09-03,USD,4500
P0674,S0674,O0674,2026-09-03,USD,3900
P0675,S0675,O0675,2026-09-03,USD,900
P0676,S0676,O0676,2026-09-03,USD,3400
P0677,S0677,O0677,2026-09-03,USD,4100
P0678,S0678,O0678,2026-09-03,USD,2400
P0679,S0679,O0679,2026-09-03,USD,4900
P0680,S0680,O0680,2026-09-03,USD,500
P0681,S0681,O0681,2026-09-03,USD,2400
P0682,S0682,O0682,2026-09-03,USD,4000
P0683,S0683,O0683,2026-09-03,USD,2900
P0684,S0684,O0684,2026-09-03,USD,4400
P0685,S0685,O0685,2026-09-03,USD,2400
P0686,S0686,O0686,2026-09-03,USD,600
P0687,S0687,O0687,2026-09-03,USD,4300
P0688,S0688,O0688,2026-09-03,USD,3100
P0689,S0689,O0689,2026-09-03,USD,3800
P0690,S0690,O0690,2026-09-03,USD,500
P0691,S0691,O0691,2026-09-03,USD,4900
P0692,S0692,O0692,2026-09-03,USD,800
P0693,S0693,O0693,2026-09-03,USD,1000
P0694,S0694,O0694,2026-09-03,USD,900
P0695,S0695,O0695,2026-09-03,USD,3200
P0696,S0696,O0696,2026-09-03,USD,2700
P0697,S0697,O0697,2026-09-03,USD,1900
P0698,S0698,O0698,2026-09-03,USD,2300
P0699,S0699,O0699,2026-09-03,USD,1800
P0700,S0700,O0700,2026-09-03,USD,400
P0701,S0701,O0701,2026-09-03,USD,2600
P0702,S0702,O0702,2026-09-03,USD,1000
P0703,S0703,O0703,2026-09-03,USD,4100
P0704,S0704,O0704,2026-09-03,USD,3000
P0705,S0705,O0705,2026-09-03,USD,3900
P0706,S0706,O0706,2026-09-03,USD,4500
P0707,S0707,O0707,2026-09-03,USD,4500
P0708,S0708,O0708,2026-09-03,USD,3800
P0709,S0709,O0709,2026-09-03,USD,3700
P0710,S0710,O0710,2026-09-03,USD,2300
P0711,S0711,O0711,2026-09-03,USD,2100
P0712,S0712,O0712,2026-09-03,USD,4500
P0713,S0713,O0713,2026-09-03,USD,3800
P0714,S0714,O0714,2026-09-03,USD,200
P0715,S0715,O0715,2026-09-03,USD,1000
P0716,S0716,O0716,2026-09-03,USD,1600
P0717,S0717,O0717,2026-09-03,USD,1200
P0718,S0718,O0718,2026-09-03,USD,4200
P0719,S0719,O0719,2026-09-03,USD,2200
P0720,S0720,O0720,2026-09-03,USD,600
P0721,S0721,O0721,2026-09-03,USD,4700
P0722,S0722,O0722,2026-09-03,USD,3500
P0723,S0723,O0723,2026-09-03,USD,2900
P0724,S0724,O0724,2026-09-03,USD,4600
P0725,S0725,O0725,2026-09-03,USD,4100
P0726,S0726,O0726,2026-09-03,USD,100
P0727,S0727,O0727,2026-09-03,USD,2500
P0728,S0728,O0728,2026-09-03,USD,2200
P0729,S0729,O0729,2026-09-03,USD,1900
P0730,S0730,O0730,2026-09-03,USD,3400
P0731,S0731,O0731,2026-09-03,USD,1100
P0732,S0732,O0732,2026-09-03,USD,1600
P0733,S0733,O0733,2026-09-03,USD,1300
P0734,S0734,O0734,2026-09-03,USD,2800
P0735,S0735,O0735,2026-09-03,USD,3600
P0736,S0736,O0736,2026-09-03,USD,3800
P0737,S0737,O0737,2026-09-03,USD,3400
P0738,S0738,O0738,2026-09-03,USD,2500
P0739,S0739,O0739,2026-09-03,USD,2200
P0740,S0740,O0740,2026-09-03,USD,1500
P0741,S0741,O0741,2026-09-03,USD,4100
P0742,S0742,O0742,2026-09-03,USD,1600
P0743,S0743,O0743,2026-09-03,USD,2100
P0744,S0744,O0744,2026-09-03,USD,1500
P0745,S0745,O0745,2026-09-03,USD,3200
P0746,S0746,O0746,2026-09-03,USD,600
P0747,S0747,O0747,2026-09-03,USD,1900
P0748,S0748,O0748,2026-09-03,USD,2100
P0749,S0749,O0749,2026-09-03,USD,800
P0750,S0750,O0750,2026-09-03,USD,3100
P0751,S0751,O0751,2026-09-03,USD,4500
P0752,S0752,O0752,2026-09-03,USD,2100
P0753,S0753,O0753,2026-09-03,USD,800
P0754,S0754,O0754,2026-09-03,USD,2500
P0755,S0755,O0755,2026-09-03,USD,300
P0756,S0756,O0756,2026-09-03,USD,200
P0757,S0757,O0757,2026-09-03,USD,1900
P0758,S0758,O0758,2026-09-03,USD,2100
P0759,S0759,O0759,2026-09-03,USD,1400
P0760,S0760,O0760,2026-09-03,USD,1900
P0761,S0761,O0761,2026-09-03,USD,100
P0762,S0762,O0762,2026-09-03,USD,2500
P0763,S0763,O0763,2026-09-03,USD,3800
P0764,S0764,O0764,2026-09-03,USD,300
P0765,S0765,O0765,2026-09-03,USD,4800
P0766,S0766,O0766,2026-09-03,USD,3700
P0767,S0767,O0767,2026-09-03,USD,2100
P0768,S0768,O0768,2026-09-03,USD,400
P0769,S0769,O0769,2026-09-03,USD,300
P0770,S0770,O0770,2026-09-03,USD,3100
P0771,S0771,O0771,2026-09-03,USD,2600
P0772,S0772,O0772,2026-09-03,USD,800
P0773,S0773,O0773,2026-09-03,USD,1600
P0774,S0774,O0774,2026-09-03,USD,4400
P0775,S0775,O0775,2026-09-03,USD,900
P0776,S0776,O0776,2026-09-03,USD,400
P0777,S0777,O0777,2026-09-03,USD,4500
P0778,S0778,O0778,2026-09-03,USD,4700
P0779,S0779,O0779,2026-09-03,USD,4900
P0780,S0780,O0780,2026-09-03,USD,3700
P0781,S0781,O0781,2026-09-03,USD,2800
P0782,S0782,O0782,2026-09-03,USD,2300
P0783,S0783,O0783,2026-09-03,USD,600
P0784,S0784,O0784,2026-09-03,USD,3400
P0785,S0785,O0785,2026-09-03,USD,1600
P0786,S0786,O0786,2026-09-03,USD,800
P0787,S0787,O0787,2026-09-03,USD,1800
P0788,S0788,O0788,2026-09-03,USD,200
P0789,S0789,O0789,2026-09-03,USD,2900
P0790,S0790,O0790,2026-09-03,USD,700
P0791,S0791,O0791,2026-09-03,USD,1500
P0792,S0792,O0792,2026-09-03,USD,2100
P0793,S0793,O0793,2026-09-03,USD,4600
P0794,S0794,O0794,2026-09-03,USD,4800
P0795,S0795,O0795,2026-09-03,USD,3200
P0796,S0796,O0796,2026-09-03,USD,4000
P0797,S0797,O0797,2026-09-03,USD,2700
P0798,S0798,O0798,2026-09-03,USD,3600
P0799,S0799,O0799,2026-09-03,USD,4400
P0800,S0800,O0800,2026-09-03,USD,4200
P0801,S0801,O0801,2026-09-03,USD,2300
P0802,S0802,O0802,2026-09-03,USD,4300
P0803,S0803,O0803,2026-09-03,USD,2400
P0804,S0804,O0804,2026-09-03,USD,600
P0805,S0805,O0805,2026-09-03,USD,2800
P0806,S0806,O0806,2026-09-03,USD,2000
P0807,S0807,O0807,2026-09-03,USD,1600
P0808,S0808,O0808,2026-09-03,USD,2300
P0809,S0809,O0809,2026-09-03,USD,4000
P0810,S0810,O0810,2026-09-03,USD,2700
P0811,S0811,O0811,2026-09-03,USD,3100
P0812,S0812,O0812,2026-09-03,USD,3700
P0813,S0813,O0813,2026-09-03,USD,600
P0814,S0814,O0814,2026-09-03,USD,4900
P0815,S0815,O0815,2026-09-03,USD,4200
P0816,S0816,O0816,2026-09-03,USD,4000
P0817,S0817,O0817,2026-09-03,USD,400
P0818,S0818,O0818,2026-09-03,USD,1400
P0819,S0819,O0819,2026-09-03,USD,700
P0820,S0820,O0820,2026-09-03,USD,2500
P0821,S0821,O0821,2026-09-03,USD,1900
P0822,S0822,O0822,2026-09-03,USD,1300
P0823,S0823,O0823,2026-09-03,USD,2800
P0824,S0824,O0824,2026-09-03,USD,3000
P0825,S0825,O0825,2026-09-03,USD,1100
P0826,S0826,O0826,2026-09-03,USD,4800
P0827,S0827,O0827,2026-09-03,USD,4700
P0828,S0828,O0828,2026-09-03,USD,3900
P0829,S0829,O0829,2026-09-03,USD,3300
P0830,S0830,O0830,2026-09-03,USD,4900
P0831,S0831,O0831,2026-09-03,USD,600
P0832,S0832,O0832,2026-09-03,USD,2300
P0833,S0833,O0833,2026-09-03,USD,4800
P0834,S0834,O0834,2026-09-03,USD,1100
P0835,S0835,O0835,2026-09-03,USD,200
P0836,S0836,O0836,2026-09-03,USD,3000
P0837,S0837,O0837,2026-09-03,USD,1600
P0838,S0838,O0838,2026-09-03,USD,4200
P0839,S0839,O0839,2026-09-03,USD,200
P0840,S0840,O0840,2026-09-03,USD,3600
P0841,S0841,O0841,2026-09-03,USD,2100
P0842,S0842,O0842,2026-09-03,USD,2600
P0843,S0843,O0843,2026-09-03,USD,2100
P0844,S0844,O0844,2026-09-03,USD,1100
P0845,S0845,O0845,2026-09-03,USD,3100
P0846,S0846,O0846,2026-09-03,USD,2700
P0847,S0847,O0847,2026-09-03,USD,1200
P0848,S0848,O0848,2026-09-03,USD,3000
P0849,S0849,O0849,2026-09-03,USD,3500
P0850,S0850,O0850,2026-09-03,USD,400
P0851,S0851,O0851,2026-09-03,USD,800
P0852,S0852,O0852,2026-09-03,USD,3000
P0853,S0853,O0853,2026-09-03,USD,4200
P0854,S0854,O0854,2026-09-03,USD,300
P0855,S0855,O0855,2026-09-03,USD,2700
P0856,S0856,O0856,2026-09-03,USD,100
P0857,S0857,O0857,2026-09-03,USD,4600
P0858,S0858,O0858,2026-09-03,USD,4300
P0859,S0859,O0859,2026-09-03,USD,1900
P0860,S0860,O0860,2026-09-03,USD,3600
P0861,S0861,O0861,2026-09-03,USD,4900
P0862,S0862,O0862,2026-09-03,USD,4100
P0863,S0863,O0863,2026-09-03,USD,4700
P0864,S0864,O0864,2026-09-03,USD,2900
P0865,S0865,O0865,2026-09-03,USD,1800
P0866,S0866,O0866,2026-09-03,USD,900
P0867,S0867,O0867,2026-09-03,USD,2200
P0868,S0868,O0868,2026-09-03,USD,1500
P0869,S0869,O0869,2026-09-03,USD,1700
P0870,S0870,O0870,2026-09-03,USD,2500
P0871,S0871,O0871,2026-09-03,USD,4700
P0872,S0872,O0872,2026-09-03,USD,3600
P0873,S0873,O0873,2026-09-03,USD,4000
P0874,S0874,O0874,2026-09-03,USD,3700
P0875,S0875,O0875,2026-09-03,USD,2400
P0876,S0876,O0876,2026-09-03,USD,4700
P0877,S0877,O0877,2026-09-03,USD,3400
P0878,S0878,O0878,2026-09-03,USD,3900
P0879,S0879,O0879,2026-09-03,USD,2500
P0880,S0880,O0880,2026-09-03,USD,700
P0881,S0881,O0881,2026-09-03,USD,2200
P0882,S0882,O0882,2026-09-03,USD,1900
P0883,S0883,O0883,2026-09-03,USD,2300
P0884,S0884,O0884,2026-09-03,USD,4100
P0885,S0885,O0885,2026-09-03,USD,900
P0886,S0886,O0886,2026-09-03,USD,2400
P0887,S0887,O0887,2026-09-03,USD,3500
P0888,S0888,O0888,2026-09-03,USD,4900
P0889,S0889,O0889,2026-09-03,USD,3000
P0890,S0890,O0890,2026-09-03,USD,2900
P0891,S0891,O0891,2026-09-03,USD,3300
P0892,S0892,O0892,2026-09-03,USD,3900
P0893,S0893,O0893,2026-09-03,USD,100
P0894,S0894,O0894,2026-09-03,USD,3700
P0895,S0895,O0895,2026-09-03,USD,1100
P0896,S0896,O0896,2026-09-03,USD,4400
P0897,S0897,O0897,2026-09-03,USD,200
P0898,S0898,O0898,2026-09-03,USD,3600
P0899,S0899,O0899,2026-09-03,USD,2800
P0900,S0900,O0900,2026-09-03,USD,100
P0901,S0901,O0901,2026-09-03,USD,200
P0902,S0902,O0902,2026-09-03,USD,3700
P0903,S0903,O0903,2026-09-03,USD,2000
P0904,S0904,O0904,2026-09-03,USD,800
P0905,S0905,O0905,2026-09-03,USD,4400
P0906,S0906,O0906,2026-09-03,USD,1100
P0907,S0907,O0907,2026-09-03,USD,3400
P0908,S0908,O0908,2026-09-03,USD,300
P0909,S0909,O0909,2026-09-03,USD,2500
P0910,S0910,O0910,2026-09-03,USD,1400
P0911,S0911,O0911,2026-09-03,USD,2600
P0912,S0912,O0912,2026-09-03,USD,3000
P0913,S0913,O0913,2026-09-03,USD,3300
P0914,S0914,O0914,2026-09-03,USD,1000
P0915,S0915,O0915,2026-09-03,USD,1000
P0916,S0916,O0916,2026-09-03,USD,4000
P0917,S0917,O0917,2026-09-03,USD,2900
P0918,S0918,O0918,2026-09-03,USD,3400
P0919,S0919,O0919,2026-09-03,USD,1400
P0920,S0920,O0920,2026-09-03,USD,600
P0921,S0921,O0921,2026-09-03,USD,1200
P0922,S0922,O0922,2026-09-03,USD,1600
P0923,S0923,O0923,2026-09-03,USD,3600
P0924,S0924,O0924,2026-09-03,USD,1700
P0925,S0925,O0925,2026-09-03,USD,600
P0926,S0926,O0926,2026-09-03,USD,600
P0927,S0927,O0927,2026-09-03,USD,1200
P0928,S0928,O0928,2026-09-03,USD,2000
P0929,S0929,O0929,2026-09-03,USD,1700
P0930,S0930,O0930,2026-09-03,USD,4300
P0931,S0931,O0931,2026-09-03,USD,3200
P0932,S0932,O0932,2026-09-03,USD,2000
P0933,S0933,O0933,2026-09-03,USD,3400
P0934,S0934,O0934,2026-09-03,USD,100
P0935,S0935,O0935,2026-09-03,USD,3000
P0936,S0936,O0936,2026-09-03,USD,2400
P0937,S0937,O0937,2026-09-03,USD,300
P0938,S0938,O0938,2026-09-03,USD,2300
P0939,S0939,O0939,2026-09-03,USD,500
P0940,S0940,O0940,2026-09-03,USD,800
P0941,S0941,O0941,2026-09-03,USD,100
P0942,S0942,O0942,2026-09-03,USD,2000
P0943,S0943,O0943,2026-09-03,USD,4500
P0944,S0944,O0944,2026-09-03,USD,600
P0945,S0945,O0945,2026-09-03,USD,4500
P0946,S0946,O0946,2026-09-03,USD,3800
P0947,S0947,O0947,2026-09-03,USD,1500
P0948,S0948,O0948,2026-09-03,USD,1700
P0949,S0949,O0949,2026-09-03,USD,3800
P0950,S0950,O0950,2026-09-03,USD,200
P0951,S0951,O0951,2026-09-03,USD,4400
P0952,S0952,O0952,2026-09-03,USD,1900
P0953,S0953,O0953,2026-09-03,USD,4900
P0954,S0954,O0954,2026-09-03,USD,2800
P0955,S0955,O0955,2026-09-03,USD,1500
P0956,S0956,O0956,2026-09-03,USD,300
P0957,S0957,O0957,2026-09-03,USD,900
P0958,S0958,O0958,2026-09-03,USD,1500
P0959,S0959,O0959,2026-09-03,USD,2300
P0960,S0960,O0960,2026-09-03,USD,4000
P0961a,S0961a,O0961,2026-09-03,USD,2000
P0961b,S0961b,O0961,2026-09-03,USD,2000
P0962a,S0962a,O0962,2026-09-03,USD,1500
P0962b,S0962b,O0962,2026-09-03,USD,1500
P0963a,S0963a,O0963,2026-09-03,USD,650
P0963b,S0963b,O0963,2026-09-03,USD,650
P0964a,S0964a,O0964,2026-09-03,USD,1700
P0964b,S0964b,O0964,2026-09-03,USD,1700
P0965a,S0965a,O0965,2026-09-03,USD,850
P0965b,S0965b,O0965,2026-09-03,USD,850
P0966a,S0966a,O0966,2026-09-03,USD,1100
P0966b,S0966b,O0966,2026-09-03,USD,1100
P0967a,S0967a,O0967,2026-09-03,USD,150
P0967b,S0967b,O0967,2026-09-03,USD,150
P0968a,S0968a,O0968,2026-09-03,USD,900
P0968b,S0968b,O0968,2026-09-03,USD,900
P0969a,S0969a,O0969,2026-09-03,USD,300
P0969b,S0969b,O0969,2026-09-03,USD,300
P0970a,S0970a,O0970,2026-09-03,USD,1600
P0970b,S0970b,O0970,2026-09-03,USD,1600
P0971,S0971,O0971,2026-09-03,EUR,4500
P0972,S0972,O0972,2026-09-03,EUR,200
P0973,S0973,O0973,2026-09-03,EUR,1600
P0974,S0974,O0974,2026-09-03,EUR,2200
P0975,S0975,O0975,2026-09-03,EUR,4000
P0976,S0976,O0976,2026-09-03,EUR,1400
P0977,S0977,O0977,2026-09-03,EUR,1800
P0978,S0978,O0978,2026-09-03,EUR,2600
P0979,S0979,O0979,2026-09-03,EUR,2500
P0980,S0980,O0980,2026-09-03,EUR,4700
P0001dup,S0001,O0001,2026-09-03,USD,300
P0002dup,S0002,O0002,2026-09-03,USD,1900
P0003dup,S0003,O0003,2026-09-03,USD,4500
P0004dup,S0004,O0004,2026-09-03,USD,4900
P0005dup,S0005,O0005,2026-09-03,USD,1000
PX001,SX001,X001,2026-09-03,USD,1000
PX002,SX002,X002,2026-09-03,USD,1000
PX003,SX003,X003,2026-09-03,USD,1000
PX004,SX004,X004,2026-09-03,USD,1000
PX005,SX005,X005,2026-09-03,USD,1000
PX006,SX006,X006,2026-09-03,USD,1000
PX007,SX007,X007,2026-09-03,USD,1000
PX008,SX008,X008,2026-09-03,USD,1000
PX009,SX009,X009,2026-09-03,USD,1000
PX010,SX010,X010,2026-09-03,USD,1000
